es,algorithm,trial_seed,hparams_seed,seed
train,ERMID,0,0,342725169
train,ERMID,0,1,163979309
train,ERMID,0,2,845514792
train,ERMID,0,3,1816622508
train,ERMID,0,4,1900218353
train,ERMID,0,5,564653153
train,ERMID,0,6,1307600028
train,ERMID,0,7,1338960745
train,ERMID,0,8,1444972776
train,ERMID,0,9,2122545972
train,ERMID,0,10,1664417389
train,ERMID,0,11,593731424
train,ERMID,0,12,423592227
train,ERMID,0,13,1035995663
train,ERMID,0,14,1577061152
train,ERMID,0,15,1783114334
train,ERMID,0,16,1507713219
train,ERMID,0,17,1133972840
train,ERMID,0,18,459289864
train,ERMID,0,19,872135854
train,ERMID,0,20,856533736
train,ERMID,0,21,152479578
train,ERMID,0,22,989471933
train,ERMID,0,23,225437905
train,ERMID,0,24,1058095922
train,ERMID,0,25,1913414253
train,ERMID,0,26,1883031257
train,ERMID,0,27,331048569
train,ERMID,0,28,887565948
train,ERMID,0,29,1970416947
train,ERMID,1,0,1730026884
train,ERMID,1,1,942286762
train,ERMID,1,2,2068265031
train,ERMID,1,3,619611345
train,ERMID,1,4,1066501300
train,ERMID,1,5,1081591136
train,ERMID,1,6,1544956914
train,ERMID,1,7,389048332
train,ERMID,1,8,448059496
train,ERMID,1,9,340358640
train,ERMID,1,10,70232090
train,ERMID,1,11,1854406262
train,ERMID,1,12,332124566
train,ERMID,1,13,1230527607
train,ERMID,1,14,23830222
train,ERMID,1,15,550897195
train,ERMID,1,16,1568930357
train,ERMID,1,17,512199279
train,ERMID,1,18,723240649
train,ERMID,1,19,1754255735
train,ERMID,1,20,2117685648
train,ERMID,1,21,508285964
train,ERMID,1,22,834876209
train,ERMID,1,23,1851444306
train,ERMID,1,24,11686425
train,ERMID,1,25,285816143
train,ERMID,1,26,115664599
train,ERMID,1,27,1654240171
train,ERMID,1,28,947807281
train,ERMID,1,29,2091211951
train,ERMID,2,0,673871636
train,ERMID,2,1,1098591272
train,ERMID,2,2,1592380268
train,ERMID,2,3,1379391039
train,ERMID,2,4,1419134286
train,ERMID,2,5,1770369762
train,ERMID,2,6,1032574688
train,ERMID,2,7,2969072
train,ERMID,2,8,1966849933
train,ERMID,2,9,1507167475
train,ERMID,2,10,837914458
train,ERMID,2,11,1183236223
train,ERMID,2,12,389520458
train,ERMID,2,13,2144660204
train,ERMID,2,14,169732266
train,ERMID,2,15,467692234
train,ERMID,2,16,866717341
train,ERMID,2,17,1117713152
train,ERMID,2,18,1661324861
train,ERMID,2,19,110468601
train,ERMID,2,20,1257139177
train,ERMID,2,21,2060969534
train,ERMID,2,22,346895589
train,ERMID,2,23,1958045056
train,ERMID,2,24,1162437170
train,ERMID,2,25,1410276262
train,ERMID,2,26,1713588389
train,ERMID,2,27,1104423111
train,ERMID,2,28,643977947
train,ERMID,2,29,200790835
train,ERMID,3,0,190140931
train,ERMID,3,1,860189847
train,ERMID,3,2,555350552
train,ERMID,3,3,57760725
train,ERMID,3,4,1210013478
train,ERMID,3,5,1509841746
train,ERMID,3,6,2009441117
train,ERMID,3,7,1149970223
train,ERMID,3,8,1113770822
train,ERMID,3,9,1823407508
train,ERMID,3,10,633712320
train,ERMID,3,11,303376390
train,ERMID,3,12,168451804
train,ERMID,3,13,254919783
train,ERMID,3,14,1130056225
train,ERMID,3,15,156665541
train,ERMID,3,16,1131588856
train,ERMID,3,17,325490223
train,ERMID,3,18,461200839
train,ERMID,3,19,1409706666
train,ERMID,3,20,444223166
train,ERMID,3,21,667269373
train,ERMID,3,22,815252655
train,ERMID,3,23,1981464294
train,ERMID,3,24,1227451980
train,ERMID,3,25,47771125
train,ERMID,3,26,82156359
train,ERMID,3,27,1891262466
train,ERMID,3,28,777555121
train,ERMID,3,29,1241111743
train,ERMID,4,0,1900519355
train,ERMID,4,1,551403380
train,ERMID,4,2,897698672
train,ERMID,4,3,692947800
train,ERMID,4,4,722001701
train,ERMID,4,5,983217156
train,ERMID,4,6,1072601607
train,ERMID,4,7,105662905
train,ERMID,4,8,300214257
train,ERMID,4,9,1400994146
train,ERMID,4,10,811228553
train,ERMID,4,11,537748015
train,ERMID,4,12,2065828998
train,ERMID,4,13,552278373
train,ERMID,4,14,292397462
train,ERMID,4,15,1806255960
train,ERMID,4,16,485920629
train,ERMID,4,17,140720700
train,ERMID,4,18,725900550
train,ERMID,4,19,1717863262
train,ERMID,4,20,21534696
train,ERMID,4,21,306647913
train,ERMID,4,22,295115496
train,ERMID,4,23,247444140
train,ERMID,4,24,1165231083
train,ERMID,4,25,1668629868
train,ERMID,4,26,155585752
train,ERMID,4,27,1462986257
train,ERMID,4,28,1765507051
train,ERMID,4,29,1658566045
train,ERMMerged,0,0,1229121832
train,ERMMerged,0,1,504771191
train,ERMMerged,0,2,687326293
train,ERMMerged,0,3,1687118244
train,ERMMerged,0,4,1251044218
train,ERMMerged,0,5,1534062075
train,ERMMerged,0,6,1672859330
train,ERMMerged,0,7,1129602922
train,ERMMerged,0,8,1281424355
train,ERMMerged,0,9,1915224484
train,ERMMerged,0,10,1307671981
train,ERMMerged,0,11,198520948
train,ERMMerged,0,12,1850663541
train,ERMMerged,0,13,314352545
train,ERMMerged,0,14,1940650457
train,ERMMerged,0,15,616248999
train,ERMMerged,0,16,1437566952
train,ERMMerged,0,17,800053400
train,ERMMerged,0,18,1285047426
train,ERMMerged,0,19,1354036299
train,ERMMerged,0,20,1555570936
train,ERMMerged,0,21,1231176706
train,ERMMerged,0,22,1448887752
train,ERMMerged,0,23,380650112
train,ERMMerged,0,24,1347044226
train,ERMMerged,0,25,1464213638
train,ERMMerged,0,26,150238305
train,ERMMerged,0,27,1245951691
train,ERMMerged,0,28,1671730479
train,ERMMerged,0,29,85820335
train,ERMMerged,1,0,1310239275
train,ERMMerged,1,1,423095857
train,ERMMerged,1,2,276516834
train,ERMMerged,1,3,638786009
train,ERMMerged,1,4,680989118
train,ERMMerged,1,5,538616999
train,ERMMerged,1,6,705930420
train,ERMMerged,1,7,853147642
train,ERMMerged,1,8,725780466
train,ERMMerged,1,9,671308532
train,ERMMerged,1,10,606447341
train,ERMMerged,1,11,1299837626
train,ERMMerged,1,12,1802208826
train,ERMMerged,1,13,1420376532
train,ERMMerged,1,14,569243800
train,ERMMerged,1,15,240493822
train,ERMMerged,1,16,440604608
train,ERMMerged,1,17,1168387639
train,ERMMerged,1,18,460968685
train,ERMMerged,1,19,1987860310
train,ERMMerged,1,20,383259255
train,ERMMerged,1,21,718828360
train,ERMMerged,1,22,959666397
train,ERMMerged,1,23,1952298592
train,ERMMerged,1,24,12232350
train,ERMMerged,1,25,627866957
train,ERMMerged,1,26,1380927941
train,ERMMerged,1,27,790611336
train,ERMMerged,1,28,1984871441
train,ERMMerged,1,29,422402126
train,ERMMerged,2,0,1744637875
train,ERMMerged,2,1,809671759
train,ERMMerged,2,2,876420386
train,ERMMerged,2,3,1473104633
train,ERMMerged,2,4,1796970462
train,ERMMerged,2,5,730061097
train,ERMMerged,2,6,1640868570
train,ERMMerged,2,7,181658585
train,ERMMerged,2,8,2146156123
train,ERMMerged,2,9,1740174281
train,ERMMerged,2,10,626224131
train,ERMMerged,2,11,1291865661
train,ERMMerged,2,12,274501098
train,ERMMerged,2,13,1494917734
train,ERMMerged,2,14,203463291
train,ERMMerged,2,15,553615904
train,ERMMerged,2,16,704616670
train,ERMMerged,2,17,794314171
train,ERMMerged,2,18,287413462
train,ERMMerged,2,19,81156178
train,ERMMerged,2,20,2007659022
train,ERMMerged,2,21,1282907574
train,ERMMerged,2,22,832201158
train,ERMMerged,2,23,898403305
train,ERMMerged,2,24,326637824
train,ERMMerged,2,25,1535142270
train,ERMMerged,2,26,1883249667
train,ERMMerged,2,27,817634393
train,ERMMerged,2,28,1326420414
train,ERMMerged,2,29,810366087
train,ERMMerged,3,0,1304736161
train,ERMMerged,3,1,1475357133
train,ERMMerged,3,2,124969191
train,ERMMerged,3,3,1124116402
train,ERMMerged,3,4,852683783
train,ERMMerged,3,5,939190899
train,ERMMerged,3,6,8946528
train,ERMMerged,3,7,1251729789
train,ERMMerged,3,8,1708041596
train,ERMMerged,3,9,888849962
train,ERMMerged,3,10,1975060088
train,ERMMerged,3,11,690943630
train,ERMMerged,3,12,728323767
train,ERMMerged,3,13,1533698983
train,ERMMerged,3,14,308536865
train,ERMMerged,3,15,2108960179
train,ERMMerged,3,16,385557043
train,ERMMerged,3,17,1108867589
train,ERMMerged,3,18,1145460089
train,ERMMerged,3,19,440071237
train,ERMMerged,3,20,636861558
train,ERMMerged,3,21,1535258124
train,ERMMerged,3,22,364882210
train,ERMMerged,3,23,1992763030
train,ERMMerged,3,24,110701747
train,ERMMerged,3,25,2145748635
train,ERMMerged,3,26,1261412745
train,ERMMerged,3,27,717447332
train,ERMMerged,3,28,2098581427
train,ERMMerged,3,29,616291708
train,ERMMerged,4,0,82314784
train,ERMMerged,4,1,2088982194
train,ERMMerged,4,2,1302068490
train,ERMMerged,4,3,501602719
train,ERMMerged,4,4,1305870943
train,ERMMerged,4,5,680006586
train,ERMMerged,4,6,1655482770
train,ERMMerged,4,7,1866397037
train,ERMMerged,4,8,707545377
train,ERMMerged,4,9,1450027067
train,ERMMerged,4,10,1685466711
train,ERMMerged,4,11,1482752374
train,ERMMerged,4,12,2000051703
train,ERMMerged,4,13,860971618
train,ERMMerged,4,14,171873628
train,ERMMerged,4,15,1600389482
train,ERMMerged,4,16,1738253960
train,ERMMerged,4,17,1712829557
train,ERMMerged,4,18,720499573
train,ERMMerged,4,19,564532458
train,ERMMerged,4,20,318666538
train,ERMMerged,4,21,652548828
train,ERMMerged,4,22,688962065
train,ERMMerged,4,23,1398576813
train,ERMMerged,4,24,1124331527
train,ERMMerged,4,25,100525153
train,ERMMerged,4,26,1354049211
train,ERMMerged,4,27,392135521
train,ERMMerged,4,28,190700707
train,ERMMerged,4,29,925644645
train,ERM,0,0,307754317
train,ERM,0,1,2065297644
train,ERM,0,2,1333179696
train,ERM,0,3,932943101
train,ERM,0,4,203595190
train,ERM,0,5,1595443367
train,ERM,0,6,1426199862
train,ERM,0,7,112065487
train,ERM,0,8,207467349
train,ERM,0,9,1886097239
train,ERM,0,10,2081311938
train,ERM,0,11,1761568167
train,ERM,0,12,1198796461
train,ERM,0,13,946379328
train,ERM,0,14,833848250
train,ERM,0,15,1590105997
train,ERM,0,16,1225712780
train,ERM,0,17,1056077691
train,ERM,0,18,1508706056
train,ERM,0,19,661361409
train,ERM,0,20,33179021
train,ERM,0,21,1648499426
train,ERM,0,22,708199243
train,ERM,0,23,482344817
train,ERM,0,24,1170188272
train,ERM,0,25,170049525
train,ERM,0,26,1325793644
train,ERM,0,27,926668136
train,ERM,0,28,1192303054
train,ERM,0,29,1370036821
train,ERM,1,0,1014569294
train,ERM,1,1,301832041
train,ERM,1,2,868829475
train,ERM,1,3,501229906
train,ERM,1,4,1400006150
train,ERM,1,5,296076470
train,ERM,1,6,450936608
train,ERM,1,7,2138217422
train,ERM,1,8,1148909203
train,ERM,1,9,140933732
train,ERM,1,10,751105854
train,ERM,1,11,2110938719
train,ERM,1,12,1624449992
train,ERM,1,13,705455595
train,ERM,1,14,316781160
train,ERM,1,15,607748736
train,ERM,1,16,1322828426
train,ERM,1,17,141303359
train,ERM,1,18,273722079
train,ERM,1,19,2004101058
train,ERM,1,20,1905688641
train,ERM,1,21,150402080
train,ERM,1,22,309916404
train,ERM,1,23,478380096
train,ERM,1,24,188214976
train,ERM,1,25,2075911243
train,ERM,1,26,1189322987
train,ERM,1,27,1117306388
train,ERM,1,28,747679173
train,ERM,1,29,911828633
train,ERM,2,0,1027128168
train,ERM,2,1,1404871283
train,ERM,2,2,147031187
train,ERM,2,3,1175700775
train,ERM,2,4,561635680
train,ERM,2,5,248382549
train,ERM,2,6,1887578392
train,ERM,2,7,1807955457
train,ERM,2,8,198576704
train,ERM,2,9,2144413130
train,ERM,2,10,2062775320
train,ERM,2,11,69299868
train,ERM,2,12,1443823860
train,ERM,2,13,1224269196
train,ERM,2,14,924068439
train,ERM,2,15,797071555
train,ERM,2,16,291915861
train,ERM,2,17,1062735374
train,ERM,2,18,1206173519
train,ERM,2,19,1507057760
train,ERM,2,20,276852187
train,ERM,2,21,753950688
train,ERM,2,22,1505979517
train,ERM,2,23,1101813110
train,ERM,2,24,1895239418
train,ERM,2,25,1228772581
train,ERM,2,26,934523866
train,ERM,2,27,813369126
train,ERM,2,28,668067644
train,ERM,2,29,1593009276
train,ERM,3,0,1919338276
train,ERM,3,1,2141485529
train,ERM,3,2,806968843
train,ERM,3,3,1329279922
train,ERM,3,4,2143162098
train,ERM,3,5,1227267169
train,ERM,3,6,310070236
train,ERM,3,7,1336002298
train,ERM,3,8,1306695897
train,ERM,3,9,2660168
train,ERM,3,10,1156650404
train,ERM,3,11,1633048579
train,ERM,3,12,1492762717
train,ERM,3,13,1907464298
train,ERM,3,14,1891322271
train,ERM,3,15,1025520792
train,ERM,3,16,207288898
train,ERM,3,17,1711261060
train,ERM,3,18,605252958
train,ERM,3,19,987830828
train,ERM,3,20,579459433
train,ERM,3,21,926914645
train,ERM,3,22,162765015
train,ERM,3,23,886058067
train,ERM,3,24,398506816
train,ERM,3,25,99567700
train,ERM,3,26,1527555466
train,ERM,3,27,2145766993
train,ERM,3,28,77987212
train,ERM,3,29,1284750014
train,ERM,4,0,43269344
train,ERM,4,1,1481524535
train,ERM,4,2,1679435613
train,ERM,4,3,38463462
train,ERM,4,4,2126847562
train,ERM,4,5,674245317
train,ERM,4,6,1820036480
train,ERM,4,7,837350611
train,ERM,4,8,280060267
train,ERM,4,9,757548038
train,ERM,4,10,573789301
train,ERM,4,11,837999944
train,ERM,4,12,787648008
train,ERM,4,13,791318425
train,ERM,4,14,1295042923
train,ERM,4,15,644724998
train,ERM,4,16,1088773852
train,ERM,4,17,1895653640
train,ERM,4,18,1312757406
train,ERM,4,19,1997656995
train,ERM,4,20,1878555311
train,ERM,4,21,488500859
train,ERM,4,22,875783664
train,ERM,4,23,952594119
train,ERM,4,24,143014947
train,ERM,4,25,1514120056
train,ERM,4,26,676023208
train,ERM,4,27,1041784460
train,ERM,4,28,248854465
train,ERM,4,29,1486003251
train,IRM,0,0,1324031527
train,IRM,0,1,356300453
train,IRM,0,2,1278037411
train,IRM,0,3,1517473780
train,IRM,0,4,2143096774
train,IRM,0,5,986334368
train,IRM,0,6,559936656
train,IRM,0,7,1683076393
train,IRM,0,8,448377652
train,IRM,0,9,1102750941
train,IRM,0,10,524780919
train,IRM,0,11,1344436645
train,IRM,0,12,684474331
train,IRM,0,13,2042200903
train,IRM,0,14,847569880
train,IRM,0,15,1759974513
train,IRM,0,16,1116643042
train,IRM,0,17,1121249284
train,IRM,0,18,2022629581
train,IRM,0,19,1448153641
train,IRM,0,20,921130956
train,IRM,0,21,1132002914
train,IRM,0,22,2105535600
train,IRM,0,23,1964269431
train,IRM,0,24,1289487917
train,IRM,0,25,397795623
train,IRM,0,26,1630663420
train,IRM,0,27,1835795925
train,IRM,0,28,53409991
train,IRM,0,29,1093345223
train,IRM,1,0,636065212
train,IRM,1,1,58034561
train,IRM,1,2,1944882830
train,IRM,1,3,1928625453
train,IRM,1,4,1315359619
train,IRM,1,5,1888551392
train,IRM,1,6,1017764405
train,IRM,1,7,325950560
train,IRM,1,8,1134341300
train,IRM,1,9,1049714413
train,IRM,1,10,938141458
train,IRM,1,11,1808925150
train,IRM,1,12,2113694812
train,IRM,1,13,665816320
train,IRM,1,14,567063214
train,IRM,1,15,499569913
train,IRM,1,16,280856535
train,IRM,1,17,1591876206
train,IRM,1,18,1420499580
train,IRM,1,19,627879500
train,IRM,1,20,1767659656
train,IRM,1,21,1484748645
train,IRM,1,22,1488913050
train,IRM,1,23,819446903
train,IRM,1,24,1792751633
train,IRM,1,25,113267241
train,IRM,1,26,1662375317
train,IRM,1,27,1496526443
train,IRM,1,28,1819855743
train,IRM,1,29,559590021
train,IRM,2,0,125299406
train,IRM,2,1,1766112501
train,IRM,2,2,578572106
train,IRM,2,3,639320893
train,IRM,2,4,479543663
train,IRM,2,5,468634314
train,IRM,2,6,1072255810
train,IRM,2,7,1276733943
train,IRM,2,8,580318314
train,IRM,2,9,73889715
train,IRM,2,10,1367810295
train,IRM,2,11,2135361916
train,IRM,2,12,624919702
train,IRM,2,13,1880733938
train,IRM,2,14,1277253556
train,IRM,2,15,41092560
train,IRM,2,16,873674069
train,IRM,2,17,1727561580
train,IRM,2,18,1680281571
train,IRM,2,19,1096313279
train,IRM,2,20,537332006
train,IRM,2,21,994834310
train,IRM,2,22,1649429931
train,IRM,2,23,1122766389
train,IRM,2,24,1224073443
train,IRM,2,25,1648590887
train,IRM,2,26,490686766
train,IRM,2,27,257056619
train,IRM,2,28,2142372050
train,IRM,2,29,1591655611
train,IRM,3,0,709603247
train,IRM,3,1,2146885924
train,IRM,3,2,1015614217
train,IRM,3,3,148311084
train,IRM,3,4,1452290321
train,IRM,3,5,780291308
train,IRM,3,6,1683529791
train,IRM,3,7,1981903620
train,IRM,3,8,1035990623
train,IRM,3,9,163351730
train,IRM,3,10,537137851
train,IRM,3,11,1703983049
train,IRM,3,12,1567687992
train,IRM,3,13,1525176738
train,IRM,3,14,203880473
train,IRM,3,15,104138274
train,IRM,3,16,521814689
train,IRM,3,17,2052352815
train,IRM,3,18,1420418923
train,IRM,3,19,1201583703
train,IRM,3,20,1284537263
train,IRM,3,21,1822589735
train,IRM,3,22,566996800
train,IRM,3,23,58214568
train,IRM,3,24,117862072
train,IRM,3,25,2115362381
train,IRM,3,26,1147819758
train,IRM,3,27,2058951803
train,IRM,3,28,1082132492
train,IRM,3,29,255915661
train,IRM,4,0,1707903183
train,IRM,4,1,389287541
train,IRM,4,2,903112639
train,IRM,4,3,1584892505
train,IRM,4,4,758818750
train,IRM,4,5,849378182
train,IRM,4,6,1386856198
train,IRM,4,7,1923694128
train,IRM,4,8,1141251163
train,IRM,4,9,1077759897
train,IRM,4,10,219733341
train,IRM,4,11,713190374
train,IRM,4,12,189621974
train,IRM,4,13,2023796300
train,IRM,4,14,1145552565
train,IRM,4,15,1815115353
train,IRM,4,16,1895949750
train,IRM,4,17,838908262
train,IRM,4,18,445140769
train,IRM,4,19,122198697
train,IRM,4,20,1320519762
train,IRM,4,21,1678285749
train,IRM,4,22,786145096
train,IRM,4,23,866259366
train,IRM,4,24,1033317801
train,IRM,4,25,1399936162
train,IRM,4,26,1786985762
train,IRM,4,27,1907025320
train,IRM,4,28,972854064
train,IRM,4,29,801663375
train,VREx,0,0,1020791003
train,VREx,0,1,2110949766
train,VREx,0,2,1802424463
train,VREx,0,3,2127319893
train,VREx,0,4,2126098752
train,VREx,0,5,853707148
train,VREx,0,6,1431626649
train,VREx,0,7,167269320
train,VREx,0,8,919130464
train,VREx,0,9,1186967609
train,VREx,0,10,534156468
train,VREx,0,11,389133588
train,VREx,0,12,1872409888
train,VREx,0,13,1941221672
train,VREx,0,14,1562674806
train,VREx,0,15,1288793044
train,VREx,0,16,443458948
train,VREx,0,17,1804621316
train,VREx,0,18,935233349
train,VREx,0,19,983358050
train,VREx,0,20,1435158692
train,VREx,0,21,1695607087
train,VREx,0,22,797909897
train,VREx,0,23,1015199928
train,VREx,0,24,1484449172
train,VREx,0,25,1306425404
train,VREx,0,26,532097490
train,VREx,0,27,831245949
train,VREx,0,28,307917882
train,VREx,0,29,649442007
train,VREx,1,0,1454164557
train,VREx,1,1,2085470484
train,VREx,1,2,641019023
train,VREx,1,3,830621937
train,VREx,1,4,2077847783
train,VREx,1,5,179624394
train,VREx,1,6,1596977837
train,VREx,1,7,1519162510
train,VREx,1,8,513692584
train,VREx,1,9,370986936
train,VREx,1,10,414426501
train,VREx,1,11,1181701589
train,VREx,1,12,968506426
train,VREx,1,13,129319803
train,VREx,1,14,105973498
train,VREx,1,15,594668458
train,VREx,1,16,428991810
train,VREx,1,17,71689854
train,VREx,1,18,2120405487
train,VREx,1,19,1698670433
train,VREx,1,20,245795382
train,VREx,1,21,1976330034
train,VREx,1,22,1405897947
train,VREx,1,23,103054263
train,VREx,1,24,170445956
train,VREx,1,25,601972912
train,VREx,1,26,1051738343
train,VREx,1,27,46947800
train,VREx,1,28,1230645779
train,VREx,1,29,228616356
train,VREx,2,0,896359692
train,VREx,2,1,1506199391
train,VREx,2,2,1335261963
train,VREx,2,3,369402151
train,VREx,2,4,731060517
train,VREx,2,5,193169280
train,VREx,2,6,1794866282
train,VREx,2,7,1115001544
train,VREx,2,8,1616056788
train,VREx,2,9,2102755935
train,VREx,2,10,739449721
train,VREx,2,11,318101692
train,VREx,2,12,1601312473
train,VREx,2,13,405507917
train,VREx,2,14,212678004
train,VREx,2,15,1997602091
train,VREx,2,16,1921011220
train,VREx,2,17,27772430
train,VREx,2,18,1124710544
train,VREx,2,19,485509478
train,VREx,2,20,923535069
train,VREx,2,21,1560073041
train,VREx,2,22,2018289870
train,VREx,2,23,1999406260
train,VREx,2,24,1564172548
train,VREx,2,25,1368186164
train,VREx,2,26,351034214
train,VREx,2,27,1969821933
train,VREx,2,28,1353178902
train,VREx,2,29,1833129332
train,VREx,3,0,1322132130
train,VREx,3,1,1740095041
train,VREx,3,2,101496406
train,VREx,3,3,887911761
train,VREx,3,4,857604108
train,VREx,3,5,1273622526
train,VREx,3,6,2002394142
train,VREx,3,7,1059711317
train,VREx,3,8,668235008
train,VREx,3,9,1123485047
train,VREx,3,10,1031678955
train,VREx,3,11,2088548449
train,VREx,3,12,1201225809
train,VREx,3,13,1166592052
train,VREx,3,14,2067574208
train,VREx,3,15,919141882
train,VREx,3,16,2084571484
train,VREx,3,17,1307061712
train,VREx,3,18,854359059
train,VREx,3,19,352040233
train,VREx,3,20,796881867
train,VREx,3,21,1274448276
train,VREx,3,22,247740691
train,VREx,3,23,102387957
train,VREx,3,24,1550145609
train,VREx,3,25,625685295
train,VREx,3,26,1841903623
train,VREx,3,27,1974237607
train,VREx,3,28,175233758
train,VREx,3,29,596386482
train,VREx,4,0,161673192
train,VREx,4,1,338671165
train,VREx,4,2,394167506
train,VREx,4,3,24843400
train,VREx,4,4,754170583
train,VREx,4,5,25509059
train,VREx,4,6,892125167
train,VREx,4,7,570730009
train,VREx,4,8,1820913824
train,VREx,4,9,1247874419
train,VREx,4,10,1148390614
train,VREx,4,11,446775211
train,VREx,4,12,398099944
train,VREx,4,13,1179756753
train,VREx,4,14,1978971248
train,VREx,4,15,137166004
train,VREx,4,16,518790370
train,VREx,4,17,1030132995
train,VREx,4,18,1741575909
train,VREx,4,19,1143750866
train,VREx,4,20,258961185
train,VREx,4,21,1908527892
train,VREx,4,22,1788349072
train,VREx,4,23,1295492529
train,VREx,4,24,1586101592
train,VREx,4,25,1644424309
train,VREx,4,26,613780223
train,VREx,4,27,1671519823
train,VREx,4,28,145776065
train,VREx,4,29,192001545
train,RVP,0,0,651744577
train,RVP,0,1,314521151
train,RVP,0,2,989181834
train,RVP,0,3,1098379424
train,RVP,0,4,697314838
train,RVP,0,5,1162410500
train,RVP,0,6,474033751
train,RVP,0,7,1837854839
train,RVP,0,8,211882785
train,RVP,0,9,1164830298
train,RVP,0,10,2062809277
train,RVP,0,11,1048037183
train,RVP,0,12,786231718
train,RVP,0,13,273226148
train,RVP,0,14,808899643
train,RVP,0,15,1508740142
train,RVP,0,16,738311018
train,RVP,0,17,1089816803
train,RVP,0,18,431589921
train,RVP,0,19,965433223
train,RVP,0,20,1395910076
train,RVP,0,21,935430420
train,RVP,0,22,591166575
train,RVP,0,23,1811709604
train,RVP,0,24,1105116093
train,RVP,0,25,2113377497
train,RVP,0,26,37421230
train,RVP,0,27,1705056913
train,RVP,0,28,1344694220
train,RVP,0,29,323868089
train,RVP,1,0,1144303864
train,RVP,1,1,1543272591
train,RVP,1,2,115946977
train,RVP,1,3,117476401
train,RVP,1,4,1111942255
train,RVP,1,5,774737293
train,RVP,1,6,261057802
train,RVP,1,7,1386514007
train,RVP,1,8,1886002714
train,RVP,1,9,1102455954
train,RVP,1,10,1312571100
train,RVP,1,11,445093459
train,RVP,1,12,1557212748
train,RVP,1,13,1720791281
train,RVP,1,14,1151133957
train,RVP,1,15,1655373000
train,RVP,1,16,2055977984
train,RVP,1,17,1452442655
train,RVP,1,18,1389002187
train,RVP,1,19,141367699
train,RVP,1,20,1100397457
train,RVP,1,21,1783665193
train,RVP,1,22,528730416
train,RVP,1,23,138492395
train,RVP,1,24,88451663
train,RVP,1,25,489193579
train,RVP,1,26,1668235948
train,RVP,1,27,430278773
train,RVP,1,28,2099327506
train,RVP,1,29,1804852827
train,RVP,2,0,14257283
train,RVP,2,1,151884027
train,RVP,2,2,1175444661
train,RVP,2,3,1557336647
train,RVP,2,4,1670039582
train,RVP,2,5,2061667541
train,RVP,2,6,894793625
train,RVP,2,7,561307721
train,RVP,2,8,1043455889
train,RVP,2,9,1042060555
train,RVP,2,10,1951870893
train,RVP,2,11,1932671148
train,RVP,2,12,960184517
train,RVP,2,13,404546917
train,RVP,2,14,1182232169
train,RVP,2,15,198758702
train,RVP,2,16,857566804
train,RVP,2,17,757577918
train,RVP,2,18,432244467
train,RVP,2,19,137385750
train,RVP,2,20,746667285
train,RVP,2,21,952689843
train,RVP,2,22,1348075198
train,RVP,2,23,926393781
train,RVP,2,24,2045082279
train,RVP,2,25,1632925063
train,RVP,2,26,2041429696
train,RVP,2,27,1740892780
train,RVP,2,28,1474223640
train,RVP,2,29,1034314913
train,RVP,3,0,808618543
train,RVP,3,1,588443123
train,RVP,3,2,758750836
train,RVP,3,3,362515033
train,RVP,3,4,219981772
train,RVP,3,5,143022818
train,RVP,3,6,1734577628
train,RVP,3,7,1622275332
train,RVP,3,8,1290900444
train,RVP,3,9,2110867689
train,RVP,3,10,1540327154
train,RVP,3,11,182278113
train,RVP,3,12,1993200974
train,RVP,3,13,474393003
train,RVP,3,14,1651591753
train,RVP,3,15,901957766
train,RVP,3,16,1366038232
train,RVP,3,17,1102191411
train,RVP,3,18,922769299
train,RVP,3,19,1174091537
train,RVP,3,20,1415546083
train,RVP,3,21,900745063
train,RVP,3,22,6688744
train,RVP,3,23,415451888
train,RVP,3,24,531270439
train,RVP,3,25,1762398451
train,RVP,3,26,1798633376
train,RVP,3,27,520686797
train,RVP,3,28,32546986
train,RVP,3,29,1046781889
train,RVP,4,0,1321569236
train,RVP,4,1,882129130
train,RVP,4,2,940191167
train,RVP,4,3,715385487
train,RVP,4,4,1047293798
train,RVP,4,5,133086753
train,RVP,4,6,2049232868
train,RVP,4,7,965972088
train,RVP,4,8,1158736074
train,RVP,4,9,1633266236
train,RVP,4,10,828125962
train,RVP,4,11,1408073323
train,RVP,4,12,639063829
train,RVP,4,13,2103557695
train,RVP,4,14,128587004
train,RVP,4,15,1273716462
train,RVP,4,16,2098134384
train,RVP,4,17,1560340532
train,RVP,4,18,1593200893
train,RVP,4,19,1744528184
train,RVP,4,20,1860868438
train,RVP,4,21,1391372534
train,RVP,4,22,721943394
train,RVP,4,23,1639901165
train,RVP,4,24,74747132
train,RVP,4,25,707958759
train,RVP,4,26,272017344
train,RVP,4,27,1211504490
train,RVP,4,28,1987991552
train,RVP,4,29,1178222145
train,CORAL,0,0,29163115
train,CORAL,0,1,378150343
train,CORAL,0,2,773016108
train,CORAL,0,3,1408003588
train,CORAL,0,4,741269367
train,CORAL,0,5,1211103243
train,CORAL,0,6,196833013
train,CORAL,0,7,371409534
train,CORAL,0,8,1620587895
train,CORAL,0,9,818175081
train,CORAL,0,10,757673685
train,CORAL,0,11,1396316105
train,CORAL,0,12,1272185092
train,CORAL,0,13,858428502
train,CORAL,0,14,1526698914
train,CORAL,0,15,1064766034
train,CORAL,0,16,1649836966
train,CORAL,0,17,2107164767
train,CORAL,0,18,365469377
train,CORAL,0,19,535934719
train,CORAL,0,20,1336783044
train,CORAL,0,21,1025480312
train,CORAL,0,22,1718533830
train,CORAL,0,23,1600397726
train,CORAL,0,24,1986489837
train,CORAL,0,25,1788955894
train,CORAL,0,26,32616384
train,CORAL,0,27,1645490861
train,CORAL,0,28,846428270
train,CORAL,0,29,724067306
train,CORAL,1,0,1744472482
train,CORAL,1,1,1644074173
train,CORAL,1,2,850551073
train,CORAL,1,3,1185411149
train,CORAL,1,4,1681646790
train,CORAL,1,5,1788105931
train,CORAL,1,6,287019328
train,CORAL,1,7,613912811
train,CORAL,1,8,918501609
train,CORAL,1,9,1733522985
train,CORAL,1,10,186455605
train,CORAL,1,11,84884806
train,CORAL,1,12,709773453
train,CORAL,1,13,1406092672
train,CORAL,1,14,112770034
train,CORAL,1,15,132130312
train,CORAL,1,16,934491312
train,CORAL,1,17,623836772
train,CORAL,1,18,892737303
train,CORAL,1,19,1215869314
train,CORAL,1,20,2040335511
train,CORAL,1,21,1235107339
train,CORAL,1,22,798666100
train,CORAL,1,23,283422039
train,CORAL,1,24,1385983691
train,CORAL,1,25,1498658047
train,CORAL,1,26,569667513
train,CORAL,1,27,564793270
train,CORAL,1,28,911241665
train,CORAL,1,29,134879589
train,CORAL,2,0,759613704
train,CORAL,2,1,108185247
train,CORAL,2,2,1743601332
train,CORAL,2,3,1202519532
train,CORAL,2,4,2060221087
train,CORAL,2,5,1453356042
train,CORAL,2,6,191325752
train,CORAL,2,7,1858031570
train,CORAL,2,8,1268127137
train,CORAL,2,9,1274338148
train,CORAL,2,10,675248159
train,CORAL,2,11,720401849
train,CORAL,2,12,1424262181
train,CORAL,2,13,756641417
train,CORAL,2,14,216500730
train,CORAL,2,15,912925663
train,CORAL,2,16,521797357
train,CORAL,2,17,1574220066
train,CORAL,2,18,2033365431
train,CORAL,2,19,191416565
train,CORAL,2,20,1012996824
train,CORAL,2,21,939058495
train,CORAL,2,22,1841355126
train,CORAL,2,23,1236876070
train,CORAL,2,24,2080179379
train,CORAL,2,25,1823810746
train,CORAL,2,26,1807028848
train,CORAL,2,27,1607438589
train,CORAL,2,28,1272257245
train,CORAL,2,29,246938418
train,CORAL,3,0,1282228432
train,CORAL,3,1,923069247
train,CORAL,3,2,507579779
train,CORAL,3,3,1758779393
train,CORAL,3,4,775532525
train,CORAL,3,5,1963087659
train,CORAL,3,6,1115089207
train,CORAL,3,7,2027481919
train,CORAL,3,8,1587703369
train,CORAL,3,9,299516871
train,CORAL,3,10,1488607430
train,CORAL,3,11,1199753047
train,CORAL,3,12,429200551
train,CORAL,3,13,1630249246
train,CORAL,3,14,358306965
train,CORAL,3,15,2001120258
train,CORAL,3,16,486278954
train,CORAL,3,17,1480267764
train,CORAL,3,18,565049175
train,CORAL,3,19,1082637083
train,CORAL,3,20,1012650996
train,CORAL,3,21,905508306
train,CORAL,3,22,510777170
train,CORAL,3,23,886942516
train,CORAL,3,24,600324760
train,CORAL,3,25,1391937907
train,CORAL,3,26,1790188747
train,CORAL,3,27,1011563834
train,CORAL,3,28,1963257699
train,CORAL,3,29,547602345
train,CORAL,4,0,1092294574
train,CORAL,4,1,1915266254
train,CORAL,4,2,1045200913
train,CORAL,4,3,969744773
train,CORAL,4,4,312040184
train,CORAL,4,5,1345530217
train,CORAL,4,6,104515735
train,CORAL,4,7,1177229856
train,CORAL,4,8,405493944
train,CORAL,4,9,1838622913
train,CORAL,4,10,1211942259
train,CORAL,4,11,438823944
train,CORAL,4,12,829721396
train,CORAL,4,13,1712133093
train,CORAL,4,14,223554326
train,CORAL,4,15,1215888047
train,CORAL,4,16,1077025351
train,CORAL,4,17,715359905
train,CORAL,4,18,1009790820
train,CORAL,4,19,1435689050
train,CORAL,4,20,2088133489
train,CORAL,4,21,586332044
train,CORAL,4,22,585338891
train,CORAL,4,23,226195420
train,CORAL,4,24,538815771
train,CORAL,4,25,165087453
train,CORAL,4,26,1087860464
train,CORAL,4,27,260043076
train,CORAL,4,28,1744189775
train,CORAL,4,29,974082975
train,IGA,0,0,600161978
train,IGA,0,1,928559673
train,IGA,0,2,1747760547
train,IGA,0,3,1266838991
train,IGA,0,4,165215274
train,IGA,0,5,113406908
train,IGA,0,6,1155751743
train,IGA,0,7,1107981596
train,IGA,0,8,557401756
train,IGA,0,9,1692464606
train,IGA,0,10,87828856
train,IGA,0,11,757448877
train,IGA,0,12,2058943211
train,IGA,0,13,519669556
train,IGA,0,14,453976856
train,IGA,0,15,952454420
train,IGA,0,16,493514169
train,IGA,0,17,1249135223
train,IGA,0,18,1012045643
train,IGA,0,19,186018970
train,IGA,0,20,17373238
train,IGA,0,21,93866065
train,IGA,0,22,529984232
train,IGA,0,23,878207684
train,IGA,0,24,794198824
train,IGA,0,25,981893449
train,IGA,0,26,1745527359
train,IGA,0,27,505910196
train,IGA,0,28,1569691516
train,IGA,0,29,2130481629
train,IGA,1,0,456868639
train,IGA,1,1,196831978
train,IGA,1,2,1158355628
train,IGA,1,3,816860612
train,IGA,1,4,1057518014
train,IGA,1,5,378673243
train,IGA,1,6,663412659
train,IGA,1,7,500777431
train,IGA,1,8,210797334
train,IGA,1,9,783611979
train,IGA,1,10,425229731
train,IGA,1,11,844163101
train,IGA,1,12,40178877
train,IGA,1,13,934323013
train,IGA,1,14,1650718901
train,IGA,1,15,1747315558
train,IGA,1,16,183695283
train,IGA,1,17,1248251738
train,IGA,1,18,1697010554
train,IGA,1,19,1544390417
train,IGA,1,20,196799993
train,IGA,1,21,1570334382
train,IGA,1,22,1540958899
train,IGA,1,23,1961376682
train,IGA,1,24,966096166
train,IGA,1,25,1535964792
train,IGA,1,26,1831923403
train,IGA,1,27,2004841209
train,IGA,1,28,1383247713
train,IGA,1,29,262821491
train,IGA,2,0,1316732801
train,IGA,2,1,1485733279
train,IGA,2,2,1356207531
train,IGA,2,3,1958777764
train,IGA,2,4,2102138335
train,IGA,2,5,942177279
train,IGA,2,6,1228995238
train,IGA,2,7,1155059337
train,IGA,2,8,1145400811
train,IGA,2,9,708544661
train,IGA,2,10,427184755
train,IGA,2,11,115294277
train,IGA,2,12,1254652059
train,IGA,2,13,1330672560
train,IGA,2,14,1438921707
train,IGA,2,15,623605709
train,IGA,2,16,1608064415
train,IGA,2,17,1817476762
train,IGA,2,18,1446525215
train,IGA,2,19,1045416631
train,IGA,2,20,2143024480
train,IGA,2,21,1265536783
train,IGA,2,22,823775654
train,IGA,2,23,117740495
train,IGA,2,24,615959874
train,IGA,2,25,1656619602
train,IGA,2,26,1009202054
train,IGA,2,27,1361545511
train,IGA,2,28,1357614492
train,IGA,2,29,48644753
train,IGA,3,0,492579839
train,IGA,3,1,1737442694
train,IGA,3,2,864226977
train,IGA,3,3,1725615966
train,IGA,3,4,871595910
train,IGA,3,5,1829728199
train,IGA,3,6,1131642743
train,IGA,3,7,2135794899
train,IGA,3,8,32356292
train,IGA,3,9,181999227
train,IGA,3,10,359936268
train,IGA,3,11,1194328235
train,IGA,3,12,1049695130
train,IGA,3,13,1429438958
train,IGA,3,14,864689358
train,IGA,3,15,1133128042
train,IGA,3,16,778952643
train,IGA,3,17,18746164
train,IGA,3,18,609516988
train,IGA,3,19,2004202130
train,IGA,3,20,145581479
train,IGA,3,21,1453765099
train,IGA,3,22,763329105
train,IGA,3,23,1435904556
train,IGA,3,24,601923376
train,IGA,3,25,1647514211
train,IGA,3,26,126101256
train,IGA,3,27,368343963
train,IGA,3,28,86665282
train,IGA,3,29,1276409665
train,IGA,4,0,242657434
train,IGA,4,1,525036888
train,IGA,4,2,50277669
train,IGA,4,3,1109557680
train,IGA,4,4,2062170010
train,IGA,4,5,1586512092
train,IGA,4,6,611007814
train,IGA,4,7,112930947
train,IGA,4,8,1366930206
train,IGA,4,9,1502934392
train,IGA,4,10,1812611312
train,IGA,4,11,832160872
train,IGA,4,12,218824813
train,IGA,4,13,668115121
train,IGA,4,14,1750691552
train,IGA,4,15,1390210424
train,IGA,4,16,753291277
train,IGA,4,17,74392484
train,IGA,4,18,276919704
train,IGA,4,19,2005119132
train,IGA,4,20,1085858960
train,IGA,4,21,1793874645
train,IGA,4,22,1175491913
train,IGA,4,23,2109371405
train,IGA,4,24,331211266
train,IGA,4,25,1338707929
train,IGA,4,26,873623702
train,IGA,4,27,1428652827
train,IGA,4,28,1577478346
train,IGA,4,29,2027912226
train,MLDG,0,0,408371914
train,MLDG,0,1,1335006880
train,MLDG,0,2,1952065999
train,MLDG,0,3,796690470
train,MLDG,0,4,491389993
train,MLDG,0,5,175642283
train,MLDG,0,6,1854129105
train,MLDG,0,7,697740265
train,MLDG,0,8,916814446
train,MLDG,0,9,491024726
train,MLDG,0,10,992176101
train,MLDG,0,11,428098664
train,MLDG,0,12,601202630
train,MLDG,0,13,1110217890
train,MLDG,0,14,100524416
train,MLDG,0,15,1585390005
train,MLDG,0,16,2021010266
train,MLDG,0,17,929640062
train,MLDG,0,18,832844161
train,MLDG,0,19,304084041
train,MLDG,0,20,1504491974
train,MLDG,0,21,378504307
train,MLDG,0,22,482214013
train,MLDG,0,23,700194564
train,MLDG,0,24,1865789219
train,MLDG,0,25,1774162681
train,MLDG,0,26,805294517
train,MLDG,0,27,580445328
train,MLDG,0,28,1582943099
train,MLDG,0,29,1638162533
train,MLDG,1,0,553044039
train,MLDG,1,1,1454132562
train,MLDG,1,2,1625099828
train,MLDG,1,3,534259364
train,MLDG,1,4,862145374
train,MLDG,1,5,1113140349
train,MLDG,1,6,1776232761
train,MLDG,1,7,1896601206
train,MLDG,1,8,586451745
train,MLDG,1,9,383341395
train,MLDG,1,10,1005971577
train,MLDG,1,11,1294227928
train,MLDG,1,12,1906158630
train,MLDG,1,13,1457602934
train,MLDG,1,14,1121348465
train,MLDG,1,15,1768378213
train,MLDG,1,16,1102094947
train,MLDG,1,17,1949209289
train,MLDG,1,18,1537779619
train,MLDG,1,19,2081333285
train,MLDG,1,20,72486909
train,MLDG,1,21,1642262293
train,MLDG,1,22,1065917977
train,MLDG,1,23,530466647
train,MLDG,1,24,710396250
train,MLDG,1,25,671747525
train,MLDG,1,26,1518860674
train,MLDG,1,27,1989234034
train,MLDG,1,28,875278151
train,MLDG,1,29,1569413801
train,MLDG,2,0,1318199167
train,MLDG,2,1,1216403747
train,MLDG,2,2,566970427
train,MLDG,2,3,631081218
train,MLDG,2,4,1897342941
train,MLDG,2,5,1486470335
train,MLDG,2,6,433125958
train,MLDG,2,7,1463136981
train,MLDG,2,8,1158012604
train,MLDG,2,9,1228878835
train,MLDG,2,10,188025538
train,MLDG,2,11,1814784255
train,MLDG,2,12,1816708217
train,MLDG,2,13,997551924
train,MLDG,2,14,25406726
train,MLDG,2,15,261486383
train,MLDG,2,16,738105634
train,MLDG,2,17,1583922624
train,MLDG,2,18,1502166656
train,MLDG,2,19,954336635
train,MLDG,2,20,422158406
train,MLDG,2,21,269455624
train,MLDG,2,22,843968614
train,MLDG,2,23,567315767
train,MLDG,2,24,641047126
train,MLDG,2,25,866741448
train,MLDG,2,26,719286460
train,MLDG,2,27,719573787
train,MLDG,2,28,806641514
train,MLDG,2,29,1839913730
train,MLDG,3,0,1480834329
train,MLDG,3,1,1503504219
train,MLDG,3,2,552515956
train,MLDG,3,3,1298748811
train,MLDG,3,4,1897169189
train,MLDG,3,5,1910076510
train,MLDG,3,6,30182119
train,MLDG,3,7,1755114516
train,MLDG,3,8,2137857302
train,MLDG,3,9,765382106
train,MLDG,3,10,1162304976
train,MLDG,3,11,1786403837
train,MLDG,3,12,1535896429
train,MLDG,3,13,11710529
train,MLDG,3,14,1068961918
train,MLDG,3,15,1973385035
train,MLDG,3,16,1279783408
train,MLDG,3,17,1196658838
train,MLDG,3,18,671588717
train,MLDG,3,19,152238226
train,MLDG,3,20,2037649618
train,MLDG,3,21,152433628
train,MLDG,3,22,27281430
train,MLDG,3,23,2073521894
train,MLDG,3,24,912094793
train,MLDG,3,25,1667687035
train,MLDG,3,26,523233563
train,MLDG,3,27,1291987822
train,MLDG,3,28,1869445461
train,MLDG,3,29,237294651
train,MLDG,4,0,1749582333
train,MLDG,4,1,67686677
train,MLDG,4,2,1179185308
train,MLDG,4,3,1994550856
train,MLDG,4,4,1076958423
train,MLDG,4,5,1896471706
train,MLDG,4,6,1931902388
train,MLDG,4,7,372276460
train,MLDG,4,8,843892333
train,MLDG,4,9,1865136974
train,MLDG,4,10,1663600153
train,MLDG,4,11,628995034
train,MLDG,4,12,1094951049
train,MLDG,4,13,1792325131
train,MLDG,4,14,575715830
train,MLDG,4,15,862763714
train,MLDG,4,16,1033501139
train,MLDG,4,17,1583449807
train,MLDG,4,18,1705814466
train,MLDG,4,19,1614827306
train,MLDG,4,20,1849592905
train,MLDG,4,21,1302756840
train,MLDG,4,22,162334988
train,MLDG,4,23,1960599955
train,MLDG,4,24,831789420
train,MLDG,4,25,1719506913
train,MLDG,4,26,821280979
train,MLDG,4,27,1981606286
train,MLDG,4,28,233529949
train,MLDG,4,29,1465330951
train,GroupDRO,0,0,1135589989
train,GroupDRO,0,1,1008242802
train,GroupDRO,0,2,714191859
train,GroupDRO,0,3,1943151150
train,GroupDRO,0,4,1222564538
train,GroupDRO,0,5,501075525
train,GroupDRO,0,6,1222661554
train,GroupDRO,0,7,577548398
train,GroupDRO,0,8,1337532755
train,GroupDRO,0,9,866327704
train,GroupDRO,0,10,1229687280
train,GroupDRO,0,11,2000614958
train,GroupDRO,0,12,2044862826
train,GroupDRO,0,13,761111249
train,GroupDRO,0,14,928004485
train,GroupDRO,0,15,1962425685
train,GroupDRO,0,16,1209933422
train,GroupDRO,0,17,531705139
train,GroupDRO,0,18,1853361117
train,GroupDRO,0,19,99091361
train,GroupDRO,0,20,1283917047
train,GroupDRO,0,21,425206547
train,GroupDRO,0,22,1271091336
train,GroupDRO,0,23,823551867
train,GroupDRO,0,24,1631847931
train,GroupDRO,0,25,703790822
train,GroupDRO,0,26,114221545
train,GroupDRO,0,27,436011405
train,GroupDRO,0,28,533891166
train,GroupDRO,0,29,725754324
train,GroupDRO,1,0,194922864
train,GroupDRO,1,1,1948907437
train,GroupDRO,1,2,653220245
train,GroupDRO,1,3,615695110
train,GroupDRO,1,4,128033468
train,GroupDRO,1,5,1291415239
train,GroupDRO,1,6,597243866
train,GroupDRO,1,7,1991822485
train,GroupDRO,1,8,2045981164
train,GroupDRO,1,9,1912698475
train,GroupDRO,1,10,136895749
train,GroupDRO,1,11,1736325122
train,GroupDRO,1,12,1401485615
train,GroupDRO,1,13,677437602
train,GroupDRO,1,14,1959146498
train,GroupDRO,1,15,368498423
train,GroupDRO,1,16,522905290
train,GroupDRO,1,17,428220630
train,GroupDRO,1,18,1622072708
train,GroupDRO,1,19,917668412
train,GroupDRO,1,20,382763686
train,GroupDRO,1,21,796722007
train,GroupDRO,1,22,554850999
train,GroupDRO,1,23,1542455839
train,GroupDRO,1,24,264007787
train,GroupDRO,1,25,1744037366
train,GroupDRO,1,26,1831684875
train,GroupDRO,1,27,2020356318
train,GroupDRO,1,28,41151723
train,GroupDRO,1,29,1370317358
train,GroupDRO,2,0,118336256
train,GroupDRO,2,1,1079732049
train,GroupDRO,2,2,1171410467
train,GroupDRO,2,3,815488089
train,GroupDRO,2,4,1507723493
train,GroupDRO,2,5,343885840
train,GroupDRO,2,6,1474987052
train,GroupDRO,2,7,1320615189
train,GroupDRO,2,8,1681491460
train,GroupDRO,2,9,1381502491
train,GroupDRO,2,10,1790751511
train,GroupDRO,2,11,1898556247
train,GroupDRO,2,12,369716391
train,GroupDRO,2,13,1110983822
train,GroupDRO,2,14,2002772741
train,GroupDRO,2,15,1843624438
train,GroupDRO,2,16,2138959353
train,GroupDRO,2,17,1340436932
train,GroupDRO,2,18,1282252849
train,GroupDRO,2,19,698210497
train,GroupDRO,2,20,1728400881
train,GroupDRO,2,21,2046382226
train,GroupDRO,2,22,1571729730
train,GroupDRO,2,23,1498678347
train,GroupDRO,2,24,152344840
train,GroupDRO,2,25,1180806816
train,GroupDRO,2,26,480015468
train,GroupDRO,2,27,223584286
train,GroupDRO,2,28,1718656990
train,GroupDRO,2,29,778480160
train,GroupDRO,3,0,1574343872
train,GroupDRO,3,1,1830448000
train,GroupDRO,3,2,861714057
train,GroupDRO,3,3,1650064459
train,GroupDRO,3,4,576686020
train,GroupDRO,3,5,1618217819
train,GroupDRO,3,6,1441065781
train,GroupDRO,3,7,1136009281
train,GroupDRO,3,8,1403902510
train,GroupDRO,3,9,586579887
train,GroupDRO,3,10,243678500
train,GroupDRO,3,11,828861176
train,GroupDRO,3,12,1353797340
train,GroupDRO,3,13,1327577280
train,GroupDRO,3,14,1940877097
train,GroupDRO,3,15,667365313
train,GroupDRO,3,16,1970824875
train,GroupDRO,3,17,1396320813
train,GroupDRO,3,18,362405326
train,GroupDRO,3,19,601546068
train,GroupDRO,3,20,1438192203
train,GroupDRO,3,21,1668960424
train,GroupDRO,3,22,342653583
train,GroupDRO,3,23,1799172711
train,GroupDRO,3,24,126604794
train,GroupDRO,3,25,1525373184
train,GroupDRO,3,26,736168198
train,GroupDRO,3,27,1669905669
train,GroupDRO,3,28,1548051013
train,GroupDRO,3,29,1528294452
train,GroupDRO,4,0,286130702
train,GroupDRO,4,1,2061078253
train,GroupDRO,4,2,982171936
train,GroupDRO,4,3,813231492
train,GroupDRO,4,4,86033068
train,GroupDRO,4,5,1880400002
train,GroupDRO,4,6,502483752
train,GroupDRO,4,7,1992567426
train,GroupDRO,4,8,2076756116
train,GroupDRO,4,9,898357289
train,GroupDRO,4,10,1680418713
train,GroupDRO,4,11,1348553151
train,GroupDRO,4,12,1971214014
train,GroupDRO,4,13,209951670
train,GroupDRO,4,14,1298411487
train,GroupDRO,4,15,1486597503
train,GroupDRO,4,16,649908840
train,GroupDRO,4,17,79398138
train,GroupDRO,4,18,1120878560
train,GroupDRO,4,19,678891622
train,GroupDRO,4,20,433815679
train,GroupDRO,4,21,36180836
train,GroupDRO,4,22,529553613
train,GroupDRO,4,23,504939109
train,GroupDRO,4,24,1454607667
train,GroupDRO,4,25,1584860180
train,GroupDRO,4,26,905580531
train,GroupDRO,4,27,1874521320
train,GroupDRO,4,28,1532660729
train,GroupDRO,4,29,811681307
val,ERMID,0,0,342725169
val,ERMID,0,1,163979309
val,ERMID,0,2,845514792
val,ERMID,0,3,1816622508
val,ERMID,0,4,1900218353
val,ERMID,0,5,564653153
val,ERMID,0,6,1307600028
val,ERMID,0,7,1338960745
val,ERMID,0,8,1444972776
val,ERMID,0,9,2122545972
val,ERMID,0,10,1664417389
val,ERMID,0,11,593731424
val,ERMID,0,12,423592227
val,ERMID,0,13,1035995663
val,ERMID,0,14,1577061152
val,ERMID,0,15,1783114334
val,ERMID,0,16,1507713219
val,ERMID,0,17,1133972840
val,ERMID,0,18,459289864
val,ERMID,0,19,872135854
val,ERMID,0,20,856533736
val,ERMID,0,21,152479578
val,ERMID,0,22,989471933
val,ERMID,0,23,225437905
val,ERMID,0,24,1058095922
val,ERMID,0,25,1913414253
val,ERMID,0,26,1883031257
val,ERMID,0,27,331048569
val,ERMID,0,28,887565948
val,ERMID,0,29,1970416947
val,ERMID,1,0,1730026884
val,ERMID,1,1,942286762
val,ERMID,1,2,2068265031
val,ERMID,1,3,619611345
val,ERMID,1,4,1066501300
val,ERMID,1,5,1081591136
val,ERMID,1,6,1544956914
val,ERMID,1,7,389048332
val,ERMID,1,8,448059496
val,ERMID,1,9,340358640
val,ERMID,1,10,70232090
val,ERMID,1,11,1854406262
val,ERMID,1,12,332124566
val,ERMID,1,13,1230527607
val,ERMID,1,14,23830222
val,ERMID,1,15,550897195
val,ERMID,1,16,1568930357
val,ERMID,1,17,512199279
val,ERMID,1,18,723240649
val,ERMID,1,19,1754255735
val,ERMID,1,20,2117685648
val,ERMID,1,21,508285964
val,ERMID,1,22,834876209
val,ERMID,1,23,1851444306
val,ERMID,1,24,11686425
val,ERMID,1,25,285816143
val,ERMID,1,26,115664599
val,ERMID,1,27,1654240171
val,ERMID,1,28,947807281
val,ERMID,1,29,2091211951
val,ERMID,2,0,673871636
val,ERMID,2,1,1098591272
val,ERMID,2,2,1592380268
val,ERMID,2,3,1379391039
val,ERMID,2,4,1419134286
val,ERMID,2,5,1770369762
val,ERMID,2,6,1032574688
val,ERMID,2,7,2969072
val,ERMID,2,8,1966849933
val,ERMID,2,9,1507167475
val,ERMID,2,10,837914458
val,ERMID,2,11,1183236223
val,ERMID,2,12,389520458
val,ERMID,2,13,2144660204
val,ERMID,2,14,169732266
val,ERMID,2,15,467692234
val,ERMID,2,16,866717341
val,ERMID,2,17,1117713152
val,ERMID,2,18,1661324861
val,ERMID,2,19,110468601
val,ERMID,2,20,1257139177
val,ERMID,2,21,2060969534
val,ERMID,2,22,346895589
val,ERMID,2,23,1958045056
val,ERMID,2,24,1162437170
val,ERMID,2,25,1410276262
val,ERMID,2,26,1713588389
val,ERMID,2,27,1104423111
val,ERMID,2,28,643977947
val,ERMID,2,29,200790835
val,ERMID,3,0,190140931
val,ERMID,3,1,860189847
val,ERMID,3,2,555350552
val,ERMID,3,3,57760725
val,ERMID,3,4,1210013478
val,ERMID,3,5,1509841746
val,ERMID,3,6,2009441117
val,ERMID,3,7,1149970223
val,ERMID,3,8,1113770822
val,ERMID,3,9,1823407508
val,ERMID,3,10,633712320
val,ERMID,3,11,303376390
val,ERMID,3,12,168451804
val,ERMID,3,13,254919783
val,ERMID,3,14,1130056225
val,ERMID,3,15,156665541
val,ERMID,3,16,1131588856
val,ERMID,3,17,325490223
val,ERMID,3,18,461200839
val,ERMID,3,19,1409706666
val,ERMID,3,20,444223166
val,ERMID,3,21,667269373
val,ERMID,3,22,815252655
val,ERMID,3,23,1981464294
val,ERMID,3,24,1227451980
val,ERMID,3,25,47771125
val,ERMID,3,26,82156359
val,ERMID,3,27,1891262466
val,ERMID,3,28,777555121
val,ERMID,3,29,1241111743
val,ERMID,4,0,1900519355
val,ERMID,4,1,551403380
val,ERMID,4,2,897698672
val,ERMID,4,3,692947800
val,ERMID,4,4,722001701
val,ERMID,4,5,983217156
val,ERMID,4,6,1072601607
val,ERMID,4,7,105662905
val,ERMID,4,8,300214257
val,ERMID,4,9,1400994146
val,ERMID,4,10,811228553
val,ERMID,4,11,537748015
val,ERMID,4,12,2065828998
val,ERMID,4,13,552278373
val,ERMID,4,14,292397462
val,ERMID,4,15,1806255960
val,ERMID,4,16,485920629
val,ERMID,4,17,140720700
val,ERMID,4,18,725900550
val,ERMID,4,19,1717863262
val,ERMID,4,20,21534696
val,ERMID,4,21,306647913
val,ERMID,4,22,295115496
val,ERMID,4,23,247444140
val,ERMID,4,24,1165231083
val,ERMID,4,25,1668629868
val,ERMID,4,26,155585752
val,ERMID,4,27,1462986257
val,ERMID,4,28,1765507051
val,ERMID,4,29,1658566045
val,ERMMerged,0,0,1229121832
val,ERMMerged,0,1,504771191
val,ERMMerged,0,2,687326293
val,ERMMerged,0,3,1687118244
val,ERMMerged,0,4,1251044218
val,ERMMerged,0,5,1534062075
val,ERMMerged,0,6,1672859330
val,ERMMerged,0,7,1129602922
val,ERMMerged,0,8,1281424355
val,ERMMerged,0,9,1915224484
val,ERMMerged,0,10,1307671981
val,ERMMerged,0,11,198520948
val,ERMMerged,0,12,1850663541
val,ERMMerged,0,13,314352545
val,ERMMerged,0,14,1940650457
val,ERMMerged,0,15,616248999
val,ERMMerged,0,16,1437566952
val,ERMMerged,0,17,800053400
val,ERMMerged,0,18,1285047426
val,ERMMerged,0,19,1354036299
val,ERMMerged,0,20,1555570936
val,ERMMerged,0,21,1231176706
val,ERMMerged,0,22,1448887752
val,ERMMerged,0,23,380650112
val,ERMMerged,0,24,1347044226
val,ERMMerged,0,25,1464213638
val,ERMMerged,0,26,150238305
val,ERMMerged,0,27,1245951691
val,ERMMerged,0,28,1671730479
val,ERMMerged,0,29,85820335
val,ERMMerged,1,0,1310239275
val,ERMMerged,1,1,423095857
val,ERMMerged,1,2,276516834
val,ERMMerged,1,3,638786009
val,ERMMerged,1,4,680989118
val,ERMMerged,1,5,538616999
val,ERMMerged,1,6,705930420
val,ERMMerged,1,7,853147642
val,ERMMerged,1,8,725780466
val,ERMMerged,1,9,671308532
val,ERMMerged,1,10,606447341
val,ERMMerged,1,11,1299837626
val,ERMMerged,1,12,1802208826
val,ERMMerged,1,13,1420376532
val,ERMMerged,1,14,569243800
val,ERMMerged,1,15,240493822
val,ERMMerged,1,16,440604608
val,ERMMerged,1,17,1168387639
val,ERMMerged,1,18,460968685
val,ERMMerged,1,19,1987860310
val,ERMMerged,1,20,383259255
val,ERMMerged,1,21,718828360
val,ERMMerged,1,22,959666397
val,ERMMerged,1,23,1952298592
val,ERMMerged,1,24,12232350
val,ERMMerged,1,25,627866957
val,ERMMerged,1,26,1380927941
val,ERMMerged,1,27,790611336
val,ERMMerged,1,28,1984871441
val,ERMMerged,1,29,422402126
val,ERMMerged,2,0,1744637875
val,ERMMerged,2,1,809671759
val,ERMMerged,2,2,876420386
val,ERMMerged,2,3,1473104633
val,ERMMerged,2,4,1796970462
val,ERMMerged,2,5,730061097
val,ERMMerged,2,6,1640868570
val,ERMMerged,2,7,181658585
val,ERMMerged,2,8,2146156123
val,ERMMerged,2,9,1740174281
val,ERMMerged,2,10,626224131
val,ERMMerged,2,11,1291865661
val,ERMMerged,2,12,274501098
val,ERMMerged,2,13,1494917734
val,ERMMerged,2,14,203463291
val,ERMMerged,2,15,553615904
val,ERMMerged,2,16,704616670
val,ERMMerged,2,17,794314171
val,ERMMerged,2,18,287413462
val,ERMMerged,2,19,81156178
val,ERMMerged,2,20,2007659022
val,ERMMerged,2,21,1282907574
val,ERMMerged,2,22,832201158
val,ERMMerged,2,23,898403305
val,ERMMerged,2,24,326637824
val,ERMMerged,2,25,1535142270
val,ERMMerged,2,26,1883249667
val,ERMMerged,2,27,817634393
val,ERMMerged,2,28,1326420414
val,ERMMerged,2,29,810366087
val,ERMMerged,3,0,1304736161
val,ERMMerged,3,1,1475357133
val,ERMMerged,3,2,124969191
val,ERMMerged,3,3,1124116402
val,ERMMerged,3,4,852683783
val,ERMMerged,3,5,939190899
val,ERMMerged,3,6,8946528
val,ERMMerged,3,7,1251729789
val,ERMMerged,3,8,1708041596
val,ERMMerged,3,9,888849962
val,ERMMerged,3,10,1975060088
val,ERMMerged,3,11,690943630
val,ERMMerged,3,12,728323767
val,ERMMerged,3,13,1533698983
val,ERMMerged,3,14,308536865
val,ERMMerged,3,15,2108960179
val,ERMMerged,3,16,385557043
val,ERMMerged,3,17,1108867589
val,ERMMerged,3,18,1145460089
val,ERMMerged,3,19,440071237
val,ERMMerged,3,20,636861558
val,ERMMerged,3,21,1535258124
val,ERMMerged,3,22,364882210
val,ERMMerged,3,23,1992763030
val,ERMMerged,3,24,110701747
val,ERMMerged,3,25,2145748635
val,ERMMerged,3,26,1261412745
val,ERMMerged,3,27,717447332
val,ERMMerged,3,28,2098581427
val,ERMMerged,3,29,616291708
val,ERMMerged,4,0,82314784
val,ERMMerged,4,1,2088982194
val,ERMMerged,4,2,1302068490
val,ERMMerged,4,3,501602719
val,ERMMerged,4,4,1305870943
val,ERMMerged,4,5,680006586
val,ERMMerged,4,6,1655482770
val,ERMMerged,4,7,1866397037
val,ERMMerged,4,8,707545377
val,ERMMerged,4,9,1450027067
val,ERMMerged,4,10,1685466711
val,ERMMerged,4,11,1482752374
val,ERMMerged,4,12,2000051703
val,ERMMerged,4,13,860971618
val,ERMMerged,4,14,171873628
val,ERMMerged,4,15,1600389482
val,ERMMerged,4,16,1738253960
val,ERMMerged,4,17,1712829557
val,ERMMerged,4,18,720499573
val,ERMMerged,4,19,564532458
val,ERMMerged,4,20,318666538
val,ERMMerged,4,21,652548828
val,ERMMerged,4,22,688962065
val,ERMMerged,4,23,1398576813
val,ERMMerged,4,24,1124331527
val,ERMMerged,4,25,100525153
val,ERMMerged,4,26,1354049211
val,ERMMerged,4,27,392135521
val,ERMMerged,4,28,190700707
val,ERMMerged,4,29,925644645
val,ERM,0,0,307754317
val,ERM,0,1,2065297644
val,ERM,0,2,1333179696
val,ERM,0,3,932943101
val,ERM,0,4,203595190
val,ERM,0,5,1595443367
val,ERM,0,6,1426199862
val,ERM,0,7,112065487
val,ERM,0,8,207467349
val,ERM,0,9,1886097239
val,ERM,0,10,2081311938
val,ERM,0,11,1761568167
val,ERM,0,12,1198796461
val,ERM,0,13,946379328
val,ERM,0,14,833848250
val,ERM,0,15,1590105997
val,ERM,0,16,1225712780
val,ERM,0,17,1056077691
val,ERM,0,18,1508706056
val,ERM,0,19,661361409
val,ERM,0,20,33179021
val,ERM,0,21,1648499426
val,ERM,0,22,708199243
val,ERM,0,23,482344817
val,ERM,0,24,1170188272
val,ERM,0,25,170049525
val,ERM,0,26,1325793644
val,ERM,0,27,926668136
val,ERM,0,28,1192303054
val,ERM,0,29,1370036821
val,ERM,1,0,1014569294
val,ERM,1,1,301832041
val,ERM,1,2,868829475
val,ERM,1,3,501229906
val,ERM,1,4,1400006150
val,ERM,1,5,296076470
val,ERM,1,6,450936608
val,ERM,1,7,2138217422
val,ERM,1,8,1148909203
val,ERM,1,9,140933732
val,ERM,1,10,751105854
val,ERM,1,11,2110938719
val,ERM,1,12,1624449992
val,ERM,1,13,705455595
val,ERM,1,14,316781160
val,ERM,1,15,607748736
val,ERM,1,16,1322828426
val,ERM,1,17,141303359
val,ERM,1,18,273722079
val,ERM,1,19,2004101058
val,ERM,1,20,1905688641
val,ERM,1,21,150402080
val,ERM,1,22,309916404
val,ERM,1,23,478380096
val,ERM,1,24,188214976
val,ERM,1,25,2075911243
val,ERM,1,26,1189322987
val,ERM,1,27,1117306388
val,ERM,1,28,747679173
val,ERM,1,29,911828633
val,ERM,2,0,1027128168
val,ERM,2,1,1404871283
val,ERM,2,2,147031187
val,ERM,2,3,1175700775
val,ERM,2,4,561635680
val,ERM,2,5,248382549
val,ERM,2,6,1887578392
val,ERM,2,7,1807955457
val,ERM,2,8,198576704
val,ERM,2,9,2144413130
val,ERM,2,10,2062775320
val,ERM,2,11,69299868
val,ERM,2,12,1443823860
val,ERM,2,13,1224269196
val,ERM,2,14,924068439
val,ERM,2,15,797071555
val,ERM,2,16,291915861
val,ERM,2,17,1062735374
val,ERM,2,18,1206173519
val,ERM,2,19,1507057760
val,ERM,2,20,276852187
val,ERM,2,21,753950688
val,ERM,2,22,1505979517
val,ERM,2,23,1101813110
val,ERM,2,24,1895239418
val,ERM,2,25,1228772581
val,ERM,2,26,934523866
val,ERM,2,27,813369126
val,ERM,2,28,668067644
val,ERM,2,29,1593009276
val,ERM,3,0,1919338276
val,ERM,3,1,2141485529
val,ERM,3,2,806968843
val,ERM,3,3,1329279922
val,ERM,3,4,2143162098
val,ERM,3,5,1227267169
val,ERM,3,6,310070236
val,ERM,3,7,1336002298
val,ERM,3,8,1306695897
val,ERM,3,9,2660168
val,ERM,3,10,1156650404
val,ERM,3,11,1633048579
val,ERM,3,12,1492762717
val,ERM,3,13,1907464298
val,ERM,3,14,1891322271
val,ERM,3,15,1025520792
val,ERM,3,16,207288898
val,ERM,3,17,1711261060
val,ERM,3,18,605252958
val,ERM,3,19,987830828
val,ERM,3,20,579459433
val,ERM,3,21,926914645
val,ERM,3,22,162765015
val,ERM,3,23,886058067
val,ERM,3,24,398506816
val,ERM,3,25,99567700
val,ERM,3,26,1527555466
val,ERM,3,27,2145766993
val,ERM,3,28,77987212
val,ERM,3,29,1284750014
val,ERM,4,0,43269344
val,ERM,4,1,1481524535
val,ERM,4,2,1679435613
val,ERM,4,3,38463462
val,ERM,4,4,2126847562
val,ERM,4,5,674245317
val,ERM,4,6,1820036480
val,ERM,4,7,837350611
val,ERM,4,8,280060267
val,ERM,4,9,757548038
val,ERM,4,10,573789301
val,ERM,4,11,837999944
val,ERM,4,12,787648008
val,ERM,4,13,791318425
val,ERM,4,14,1295042923
val,ERM,4,15,644724998
val,ERM,4,16,1088773852
val,ERM,4,17,1895653640
val,ERM,4,18,1312757406
val,ERM,4,19,1997656995
val,ERM,4,20,1878555311
val,ERM,4,21,488500859
val,ERM,4,22,875783664
val,ERM,4,23,952594119
val,ERM,4,24,143014947
val,ERM,4,25,1514120056
val,ERM,4,26,676023208
val,ERM,4,27,1041784460
val,ERM,4,28,248854465
val,ERM,4,29,1486003251
val,IRM,0,0,1324031527
val,IRM,0,1,356300453
val,IRM,0,2,1278037411
val,IRM,0,3,1517473780
val,IRM,0,4,2143096774
val,IRM,0,5,986334368
val,IRM,0,6,559936656
val,IRM,0,7,1683076393
val,IRM,0,8,448377652
val,IRM,0,9,1102750941
val,IRM,0,10,524780919
val,IRM,0,11,1344436645
val,IRM,0,12,684474331
val,IRM,0,13,2042200903
val,IRM,0,14,847569880
val,IRM,0,15,1759974513
val,IRM,0,16,1116643042
val,IRM,0,17,1121249284
val,IRM,0,18,2022629581
val,IRM,0,19,1448153641
val,IRM,0,20,921130956
val,IRM,0,21,1132002914
val,IRM,0,22,2105535600
val,IRM,0,23,1964269431
val,IRM,0,24,1289487917
val,IRM,0,25,397795623
val,IRM,0,26,1630663420
val,IRM,0,27,1835795925
val,IRM,0,28,53409991
val,IRM,0,29,1093345223
val,IRM,1,0,636065212
val,IRM,1,1,58034561
val,IRM,1,2,1944882830
val,IRM,1,3,1928625453
val,IRM,1,4,1315359619
val,IRM,1,5,1888551392
val,IRM,1,6,1017764405
val,IRM,1,7,325950560
val,IRM,1,8,1134341300
val,IRM,1,9,1049714413
val,IRM,1,10,938141458
val,IRM,1,11,1808925150
val,IRM,1,12,2113694812
val,IRM,1,13,665816320
val,IRM,1,14,567063214
val,IRM,1,15,499569913
val,IRM,1,16,280856535
val,IRM,1,17,1591876206
val,IRM,1,18,1420499580
val,IRM,1,19,627879500
val,IRM,1,20,1767659656
val,IRM,1,21,1484748645
val,IRM,1,22,1488913050
val,IRM,1,23,819446903
val,IRM,1,24,1792751633
val,IRM,1,25,113267241
val,IRM,1,26,1662375317
val,IRM,1,27,1496526443
val,IRM,1,28,1819855743
val,IRM,1,29,559590021
val,IRM,2,0,125299406
val,IRM,2,1,1766112501
val,IRM,2,2,578572106
val,IRM,2,3,639320893
val,IRM,2,4,479543663
val,IRM,2,5,468634314
val,IRM,2,6,1072255810
val,IRM,2,7,1276733943
val,IRM,2,8,580318314
val,IRM,2,9,73889715
val,IRM,2,10,1367810295
val,IRM,2,11,2135361916
val,IRM,2,12,624919702
val,IRM,2,13,1880733938
val,IRM,2,14,1277253556
val,IRM,2,15,41092560
val,IRM,2,16,873674069
val,IRM,2,17,1727561580
val,IRM,2,18,1680281571
val,IRM,2,19,1096313279
val,IRM,2,20,537332006
val,IRM,2,21,994834310
val,IRM,2,22,1649429931
val,IRM,2,23,1122766389
val,IRM,2,24,1224073443
val,IRM,2,25,1648590887
val,IRM,2,26,490686766
val,IRM,2,27,257056619
val,IRM,2,28,2142372050
val,IRM,2,29,1591655611
val,IRM,3,0,709603247
val,IRM,3,1,2146885924
val,IRM,3,2,1015614217
val,IRM,3,3,148311084
val,IRM,3,4,1452290321
val,IRM,3,5,780291308
val,IRM,3,6,1683529791
val,IRM,3,7,1981903620
val,IRM,3,8,1035990623
val,IRM,3,9,163351730
val,IRM,3,10,537137851
val,IRM,3,11,1703983049
val,IRM,3,12,1567687992
val,IRM,3,13,1525176738
val,IRM,3,14,203880473
val,IRM,3,15,104138274
val,IRM,3,16,521814689
val,IRM,3,17,2052352815
val,IRM,3,18,1420418923
val,IRM,3,19,1201583703
val,IRM,3,20,1284537263
val,IRM,3,21,1822589735
val,IRM,3,22,566996800
val,IRM,3,23,58214568
val,IRM,3,24,117862072
val,IRM,3,25,2115362381
val,IRM,3,26,1147819758
val,IRM,3,27,2058951803
val,IRM,3,28,1082132492
val,IRM,3,29,255915661
val,IRM,4,0,1707903183
val,IRM,4,1,389287541
val,IRM,4,2,903112639
val,IRM,4,3,1584892505
val,IRM,4,4,758818750
val,IRM,4,5,849378182
val,IRM,4,6,1386856198
val,IRM,4,7,1923694128
val,IRM,4,8,1141251163
val,IRM,4,9,1077759897
val,IRM,4,10,219733341
val,IRM,4,11,713190374
val,IRM,4,12,189621974
val,IRM,4,13,2023796300
val,IRM,4,14,1145552565
val,IRM,4,15,1815115353
val,IRM,4,16,1895949750
val,IRM,4,17,838908262
val,IRM,4,18,445140769
val,IRM,4,19,122198697
val,IRM,4,20,1320519762
val,IRM,4,21,1678285749
val,IRM,4,22,786145096
val,IRM,4,23,866259366
val,IRM,4,24,1033317801
val,IRM,4,25,1399936162
val,IRM,4,26,1786985762
val,IRM,4,27,1907025320
val,IRM,4,28,972854064
val,IRM,4,29,801663375
val,VREx,0,0,1020791003
val,VREx,0,1,2110949766
val,VREx,0,2,1802424463
val,VREx,0,3,2127319893
val,VREx,0,4,2126098752
val,VREx,0,5,853707148
val,VREx,0,6,1431626649
val,VREx,0,7,167269320
val,VREx,0,8,919130464
val,VREx,0,9,1186967609
val,VREx,0,10,534156468
val,VREx,0,11,389133588
val,VREx,0,12,1872409888
val,VREx,0,13,1941221672
val,VREx,0,14,1562674806
val,VREx,0,15,1288793044
val,VREx,0,16,443458948
val,VREx,0,17,1804621316
val,VREx,0,18,935233349
val,VREx,0,19,983358050
val,VREx,0,20,1435158692
val,VREx,0,21,1695607087
val,VREx,0,22,797909897
val,VREx,0,23,1015199928
val,VREx,0,24,1484449172
val,VREx,0,25,1306425404
val,VREx,0,26,532097490
val,VREx,0,27,831245949
val,VREx,0,28,307917882
val,VREx,0,29,649442007
val,VREx,1,0,1454164557
val,VREx,1,1,2085470484
val,VREx,1,2,641019023
val,VREx,1,3,830621937
val,VREx,1,4,2077847783
val,VREx,1,5,179624394
val,VREx,1,6,1596977837
val,VREx,1,7,1519162510
val,VREx,1,8,513692584
val,VREx,1,9,370986936
val,VREx,1,10,414426501
val,VREx,1,11,1181701589
val,VREx,1,12,968506426
val,VREx,1,13,129319803
val,VREx,1,14,105973498
val,VREx,1,15,594668458
val,VREx,1,16,428991810
val,VREx,1,17,71689854
val,VREx,1,18,2120405487
val,VREx,1,19,1698670433
val,VREx,1,20,245795382
val,VREx,1,21,1976330034
val,VREx,1,22,1405897947
val,VREx,1,23,103054263
val,VREx,1,24,170445956
val,VREx,1,25,601972912
val,VREx,1,26,1051738343
val,VREx,1,27,46947800
val,VREx,1,28,1230645779
val,VREx,1,29,228616356
val,VREx,2,0,896359692
val,VREx,2,1,1506199391
val,VREx,2,2,1335261963
val,VREx,2,3,369402151
val,VREx,2,4,731060517
val,VREx,2,5,193169280
val,VREx,2,6,1794866282
val,VREx,2,7,1115001544
val,VREx,2,8,1616056788
val,VREx,2,9,2102755935
val,VREx,2,10,739449721
val,VREx,2,11,318101692
val,VREx,2,12,1601312473
val,VREx,2,13,405507917
val,VREx,2,14,212678004
val,VREx,2,15,1997602091
val,VREx,2,16,1921011220
val,VREx,2,17,27772430
val,VREx,2,18,1124710544
val,VREx,2,19,485509478
val,VREx,2,20,923535069
val,VREx,2,21,1560073041
val,VREx,2,22,2018289870
val,VREx,2,23,1999406260
val,VREx,2,24,1564172548
val,VREx,2,25,1368186164
val,VREx,2,26,351034214
val,VREx,2,27,1969821933
val,VREx,2,28,1353178902
val,VREx,2,29,1833129332
val,VREx,3,0,1322132130
val,VREx,3,1,1740095041
val,VREx,3,2,101496406
val,VREx,3,3,887911761
val,VREx,3,4,857604108
val,VREx,3,5,1273622526
val,VREx,3,6,2002394142
val,VREx,3,7,1059711317
val,VREx,3,8,668235008
val,VREx,3,9,1123485047
val,VREx,3,10,1031678955
val,VREx,3,11,2088548449
val,VREx,3,12,1201225809
val,VREx,3,13,1166592052
val,VREx,3,14,2067574208
val,VREx,3,15,919141882
val,VREx,3,16,2084571484
val,VREx,3,17,1307061712
val,VREx,3,18,854359059
val,VREx,3,19,352040233
val,VREx,3,20,796881867
val,VREx,3,21,1274448276
val,VREx,3,22,247740691
val,VREx,3,23,102387957
val,VREx,3,24,1550145609
val,VREx,3,25,625685295
val,VREx,3,26,1841903623
val,VREx,3,27,1974237607
val,VREx,3,28,175233758
val,VREx,3,29,596386482
val,VREx,4,0,161673192
val,VREx,4,1,338671165
val,VREx,4,2,394167506
val,VREx,4,3,24843400
val,VREx,4,4,754170583
val,VREx,4,5,25509059
val,VREx,4,6,892125167
val,VREx,4,7,570730009
val,VREx,4,8,1820913824
val,VREx,4,9,1247874419
val,VREx,4,10,1148390614
val,VREx,4,11,446775211
val,VREx,4,12,398099944
val,VREx,4,13,1179756753
val,VREx,4,14,1978971248
val,VREx,4,15,137166004
val,VREx,4,16,518790370
val,VREx,4,17,1030132995
val,VREx,4,18,1741575909
val,VREx,4,19,1143750866
val,VREx,4,20,258961185
val,VREx,4,21,1908527892
val,VREx,4,22,1788349072
val,VREx,4,23,1295492529
val,VREx,4,24,1586101592
val,VREx,4,25,1644424309
val,VREx,4,26,613780223
val,VREx,4,27,1671519823
val,VREx,4,28,145776065
val,VREx,4,29,192001545
val,RVP,0,0,651744577
val,RVP,0,1,314521151
val,RVP,0,2,989181834
val,RVP,0,3,1098379424
val,RVP,0,4,697314838
val,RVP,0,5,1162410500
val,RVP,0,6,474033751
val,RVP,0,7,1837854839
val,RVP,0,8,211882785
val,RVP,0,9,1164830298
val,RVP,0,10,2062809277
val,RVP,0,11,1048037183
val,RVP,0,12,786231718
val,RVP,0,13,273226148
val,RVP,0,14,808899643
val,RVP,0,15,1508740142
val,RVP,0,16,738311018
val,RVP,0,17,1089816803
val,RVP,0,18,431589921
val,RVP,0,19,965433223
val,RVP,0,20,1395910076
val,RVP,0,21,935430420
val,RVP,0,22,591166575
val,RVP,0,23,1811709604
val,RVP,0,24,1105116093
val,RVP,0,25,2113377497
val,RVP,0,26,37421230
val,RVP,0,27,1705056913
val,RVP,0,28,1344694220
val,RVP,0,29,323868089
val,RVP,1,0,1144303864
val,RVP,1,1,1543272591
val,RVP,1,2,115946977
val,RVP,1,3,117476401
val,RVP,1,4,1111942255
val,RVP,1,5,774737293
val,RVP,1,6,261057802
val,RVP,1,7,1386514007
val,RVP,1,8,1886002714
val,RVP,1,9,1102455954
val,RVP,1,10,1312571100
val,RVP,1,11,445093459
val,RVP,1,12,1557212748
val,RVP,1,13,1720791281
val,RVP,1,14,1151133957
val,RVP,1,15,1655373000
val,RVP,1,16,2055977984
val,RVP,1,17,1452442655
val,RVP,1,18,1389002187
val,RVP,1,19,141367699
val,RVP,1,20,1100397457
val,RVP,1,21,1783665193
val,RVP,1,22,528730416
val,RVP,1,23,138492395
val,RVP,1,24,88451663
val,RVP,1,25,489193579
val,RVP,1,26,1668235948
val,RVP,1,27,430278773
val,RVP,1,28,2099327506
val,RVP,1,29,1804852827
val,RVP,2,0,14257283
val,RVP,2,1,151884027
val,RVP,2,2,1175444661
val,RVP,2,3,1557336647
val,RVP,2,4,1670039582
val,RVP,2,5,2061667541
val,RVP,2,6,894793625
val,RVP,2,7,561307721
val,RVP,2,8,1043455889
val,RVP,2,9,1042060555
val,RVP,2,10,1951870893
val,RVP,2,11,1932671148
val,RVP,2,12,960184517
val,RVP,2,13,404546917
val,RVP,2,14,1182232169
val,RVP,2,15,198758702
val,RVP,2,16,857566804
val,RVP,2,17,757577918
val,RVP,2,18,432244467
val,RVP,2,19,137385750
val,RVP,2,20,746667285
val,RVP,2,21,952689843
val,RVP,2,22,1348075198
val,RVP,2,23,926393781
val,RVP,2,24,2045082279
val,RVP,2,25,1632925063
val,RVP,2,26,2041429696
val,RVP,2,27,1740892780
val,RVP,2,28,1474223640
val,RVP,2,29,1034314913
val,RVP,3,0,808618543
val,RVP,3,1,588443123
val,RVP,3,2,758750836
val,RVP,3,3,362515033
val,RVP,3,4,219981772
val,RVP,3,5,143022818
val,RVP,3,6,1734577628
val,RVP,3,7,1622275332
val,RVP,3,8,1290900444
val,RVP,3,9,2110867689
val,RVP,3,10,1540327154
val,RVP,3,11,182278113
val,RVP,3,12,1993200974
val,RVP,3,13,474393003
val,RVP,3,14,1651591753
val,RVP,3,15,901957766
val,RVP,3,16,1366038232
val,RVP,3,17,1102191411
val,RVP,3,18,922769299
val,RVP,3,19,1174091537
val,RVP,3,20,1415546083
val,RVP,3,21,900745063
val,RVP,3,22,6688744
val,RVP,3,23,415451888
val,RVP,3,24,531270439
val,RVP,3,25,1762398451
val,RVP,3,26,1798633376
val,RVP,3,27,520686797
val,RVP,3,28,32546986
val,RVP,3,29,1046781889
val,RVP,4,0,1321569236
val,RVP,4,1,882129130
val,RVP,4,2,940191167
val,RVP,4,3,715385487
val,RVP,4,4,1047293798
val,RVP,4,5,133086753
val,RVP,4,6,2049232868
val,RVP,4,7,965972088
val,RVP,4,8,1158736074
val,RVP,4,9,1633266236
val,RVP,4,10,828125962
val,RVP,4,11,1408073323
val,RVP,4,12,639063829
val,RVP,4,13,2103557695
val,RVP,4,14,128587004
val,RVP,4,15,1273716462
val,RVP,4,16,2098134384
val,RVP,4,17,1560340532
val,RVP,4,18,1593200893
val,RVP,4,19,1744528184
val,RVP,4,20,1860868438
val,RVP,4,21,1391372534
val,RVP,4,22,721943394
val,RVP,4,23,1639901165
val,RVP,4,24,74747132
val,RVP,4,25,707958759
val,RVP,4,26,272017344
val,RVP,4,27,1211504490
val,RVP,4,28,1987991552
val,RVP,4,29,1178222145
val,CORAL,0,0,29163115
val,CORAL,0,1,378150343
val,CORAL,0,2,773016108
val,CORAL,0,3,1408003588
val,CORAL,0,4,741269367
val,CORAL,0,5,1211103243
val,CORAL,0,6,196833013
val,CORAL,0,7,371409534
val,CORAL,0,8,1620587895
val,CORAL,0,9,818175081
val,CORAL,0,10,757673685
val,CORAL,0,11,1396316105
val,CORAL,0,12,1272185092
val,CORAL,0,13,858428502
val,CORAL,0,14,1526698914
val,CORAL,0,15,1064766034
val,CORAL,0,16,1649836966
val,CORAL,0,17,2107164767
val,CORAL,0,18,365469377
val,CORAL,0,19,535934719
val,CORAL,0,20,1336783044
val,CORAL,0,21,1025480312
val,CORAL,0,22,1718533830
val,CORAL,0,23,1600397726
val,CORAL,0,24,1986489837
val,CORAL,0,25,1788955894
val,CORAL,0,26,32616384
val,CORAL,0,27,1645490861
val,CORAL,0,28,846428270
val,CORAL,0,29,724067306
val,CORAL,1,0,1744472482
val,CORAL,1,1,1644074173
val,CORAL,1,2,850551073
val,CORAL,1,3,1185411149
val,CORAL,1,4,1681646790
val,CORAL,1,5,1788105931
val,CORAL,1,6,287019328
val,CORAL,1,7,613912811
val,CORAL,1,8,918501609
val,CORAL,1,9,1733522985
val,CORAL,1,10,186455605
val,CORAL,1,11,84884806
val,CORAL,1,12,709773453
val,CORAL,1,13,1406092672
val,CORAL,1,14,112770034
val,CORAL,1,15,132130312
val,CORAL,1,16,934491312
val,CORAL,1,17,623836772
val,CORAL,1,18,892737303
val,CORAL,1,19,1215869314
val,CORAL,1,20,2040335511
val,CORAL,1,21,1235107339
val,CORAL,1,22,798666100
val,CORAL,1,23,283422039
val,CORAL,1,24,1385983691
val,CORAL,1,25,1498658047
val,CORAL,1,26,569667513
val,CORAL,1,27,564793270
val,CORAL,1,28,911241665
val,CORAL,1,29,134879589
val,CORAL,2,0,759613704
val,CORAL,2,1,108185247
val,CORAL,2,2,1743601332
val,CORAL,2,3,1202519532
val,CORAL,2,4,2060221087
val,CORAL,2,5,1453356042
val,CORAL,2,6,191325752
val,CORAL,2,7,1858031570
val,CORAL,2,8,1268127137
val,CORAL,2,9,1274338148
val,CORAL,2,10,675248159
val,CORAL,2,11,720401849
val,CORAL,2,12,1424262181
val,CORAL,2,13,756641417
val,CORAL,2,14,216500730
val,CORAL,2,15,912925663
val,CORAL,2,16,521797357
val,CORAL,2,17,1574220066
val,CORAL,2,18,2033365431
val,CORAL,2,19,191416565
val,CORAL,2,20,1012996824
val,CORAL,2,21,939058495
val,CORAL,2,22,1841355126
val,CORAL,2,23,1236876070
val,CORAL,2,24,2080179379
val,CORAL,2,25,1823810746
val,CORAL,2,26,1807028848
val,CORAL,2,27,1607438589
val,CORAL,2,28,1272257245
val,CORAL,2,29,246938418
val,CORAL,3,0,1282228432
val,CORAL,3,1,923069247
val,CORAL,3,2,507579779
val,CORAL,3,3,1758779393
val,CORAL,3,4,775532525
val,CORAL,3,5,1963087659
val,CORAL,3,6,1115089207
val,CORAL,3,7,2027481919
val,CORAL,3,8,1587703369
val,CORAL,3,9,299516871
val,CORAL,3,10,1488607430
val,CORAL,3,11,1199753047
val,CORAL,3,12,429200551
val,CORAL,3,13,1630249246
val,CORAL,3,14,358306965
val,CORAL,3,15,2001120258
val,CORAL,3,16,486278954
val,CORAL,3,17,1480267764
val,CORAL,3,18,565049175
val,CORAL,3,19,1082637083
val,CORAL,3,20,1012650996
val,CORAL,3,21,905508306
val,CORAL,3,22,510777170
val,CORAL,3,23,886942516
val,CORAL,3,24,600324760
val,CORAL,3,25,1391937907
val,CORAL,3,26,1790188747
val,CORAL,3,27,1011563834
val,CORAL,3,28,1963257699
val,CORAL,3,29,547602345
val,CORAL,4,0,1092294574
val,CORAL,4,1,1915266254
val,CORAL,4,2,1045200913
val,CORAL,4,3,969744773
val,CORAL,4,4,312040184
val,CORAL,4,5,1345530217
val,CORAL,4,6,104515735
val,CORAL,4,7,1177229856
val,CORAL,4,8,405493944
val,CORAL,4,9,1838622913
val,CORAL,4,10,1211942259
val,CORAL,4,11,438823944
val,CORAL,4,12,829721396
val,CORAL,4,13,1712133093
val,CORAL,4,14,223554326
val,CORAL,4,15,1215888047
val,CORAL,4,16,1077025351
val,CORAL,4,17,715359905
val,CORAL,4,18,1009790820
val,CORAL,4,19,1435689050
val,CORAL,4,20,2088133489
val,CORAL,4,21,586332044
val,CORAL,4,22,585338891
val,CORAL,4,23,226195420
val,CORAL,4,24,538815771
val,CORAL,4,25,165087453
val,CORAL,4,26,1087860464
val,CORAL,4,27,260043076
val,CORAL,4,28,1744189775
val,CORAL,4,29,974082975
val,IGA,0,0,600161978
val,IGA,0,1,928559673
val,IGA,0,2,1747760547
val,IGA,0,3,1266838991
val,IGA,0,4,165215274
val,IGA,0,5,113406908
val,IGA,0,6,1155751743
val,IGA,0,7,1107981596
val,IGA,0,8,557401756
val,IGA,0,9,1692464606
val,IGA,0,10,87828856
val,IGA,0,11,757448877
val,IGA,0,12,2058943211
val,IGA,0,13,519669556
val,IGA,0,14,453976856
val,IGA,0,15,952454420
val,IGA,0,16,493514169
val,IGA,0,17,1249135223
val,IGA,0,18,1012045643
val,IGA,0,19,186018970
val,IGA,0,20,17373238
val,IGA,0,21,93866065
val,IGA,0,22,529984232
val,IGA,0,23,878207684
val,IGA,0,24,794198824
val,IGA,0,25,981893449
val,IGA,0,26,1745527359
val,IGA,0,27,505910196
val,IGA,0,28,1569691516
val,IGA,0,29,2130481629
val,IGA,1,0,456868639
val,IGA,1,1,196831978
val,IGA,1,2,1158355628
val,IGA,1,3,816860612
val,IGA,1,4,1057518014
val,IGA,1,5,378673243
val,IGA,1,6,663412659
val,IGA,1,7,500777431
val,IGA,1,8,210797334
val,IGA,1,9,783611979
val,IGA,1,10,425229731
val,IGA,1,11,844163101
val,IGA,1,12,40178877
val,IGA,1,13,934323013
val,IGA,1,14,1650718901
val,IGA,1,15,1747315558
val,IGA,1,16,183695283
val,IGA,1,17,1248251738
val,IGA,1,18,1697010554
val,IGA,1,19,1544390417
val,IGA,1,20,196799993
val,IGA,1,21,1570334382
val,IGA,1,22,1540958899
val,IGA,1,23,1961376682
val,IGA,1,24,966096166
val,IGA,1,25,1535964792
val,IGA,1,26,1831923403
val,IGA,1,27,2004841209
val,IGA,1,28,1383247713
val,IGA,1,29,262821491
val,IGA,2,0,1316732801
val,IGA,2,1,1485733279
val,IGA,2,2,1356207531
val,IGA,2,3,1958777764
val,IGA,2,4,2102138335
val,IGA,2,5,942177279
val,IGA,2,6,1228995238
val,IGA,2,7,1155059337
val,IGA,2,8,1145400811
val,IGA,2,9,708544661
val,IGA,2,10,427184755
val,IGA,2,11,115294277
val,IGA,2,12,1254652059
val,IGA,2,13,1330672560
val,IGA,2,14,1438921707
val,IGA,2,15,623605709
val,IGA,2,16,1608064415
val,IGA,2,17,1817476762
val,IGA,2,18,1446525215
val,IGA,2,19,1045416631
val,IGA,2,20,2143024480
val,IGA,2,21,1265536783
val,IGA,2,22,823775654
val,IGA,2,23,117740495
val,IGA,2,24,615959874
val,IGA,2,25,1656619602
val,IGA,2,26,1009202054
val,IGA,2,27,1361545511
val,IGA,2,28,1357614492
val,IGA,2,29,48644753
val,IGA,3,0,492579839
val,IGA,3,1,1737442694
val,IGA,3,2,864226977
val,IGA,3,3,1725615966
val,IGA,3,4,871595910
val,IGA,3,5,1829728199
val,IGA,3,6,1131642743
val,IGA,3,7,2135794899
val,IGA,3,8,32356292
val,IGA,3,9,181999227
val,IGA,3,10,359936268
val,IGA,3,11,1194328235
val,IGA,3,12,1049695130
val,IGA,3,13,1429438958
val,IGA,3,14,864689358
val,IGA,3,15,1133128042
val,IGA,3,16,778952643
val,IGA,3,17,18746164
val,IGA,3,18,609516988
val,IGA,3,19,2004202130
val,IGA,3,20,145581479
val,IGA,3,21,1453765099
val,IGA,3,22,763329105
val,IGA,3,23,1435904556
val,IGA,3,24,601923376
val,IGA,3,25,1647514211
val,IGA,3,26,126101256
val,IGA,3,27,368343963
val,IGA,3,28,86665282
val,IGA,3,29,1276409665
val,IGA,4,0,242657434
val,IGA,4,1,525036888
val,IGA,4,2,50277669
val,IGA,4,3,1109557680
val,IGA,4,4,2062170010
val,IGA,4,5,1586512092
val,IGA,4,6,611007814
val,IGA,4,7,112930947
val,IGA,4,8,1366930206
val,IGA,4,9,1502934392
val,IGA,4,10,1812611312
val,IGA,4,11,832160872
val,IGA,4,12,218824813
val,IGA,4,13,668115121
val,IGA,4,14,1750691552
val,IGA,4,15,1390210424
val,IGA,4,16,753291277
val,IGA,4,17,74392484
val,IGA,4,18,276919704
val,IGA,4,19,2005119132
val,IGA,4,20,1085858960
val,IGA,4,21,1793874645
val,IGA,4,22,1175491913
val,IGA,4,23,2109371405
val,IGA,4,24,331211266
val,IGA,4,25,1338707929
val,IGA,4,26,873623702
val,IGA,4,27,1428652827
val,IGA,4,28,1577478346
val,IGA,4,29,2027912226
val,MLDG,0,0,408371914
val,MLDG,0,1,1335006880
val,MLDG,0,2,1952065999
val,MLDG,0,3,796690470
val,MLDG,0,4,491389993
val,MLDG,0,5,175642283
val,MLDG,0,6,1854129105
val,MLDG,0,7,697740265
val,MLDG,0,8,916814446
val,MLDG,0,9,491024726
val,MLDG,0,10,992176101
val,MLDG,0,11,428098664
val,MLDG,0,12,601202630
val,MLDG,0,13,1110217890
val,MLDG,0,14,100524416
val,MLDG,0,15,1585390005
val,MLDG,0,16,2021010266
val,MLDG,0,17,929640062
val,MLDG,0,18,832844161
val,MLDG,0,19,304084041
val,MLDG,0,20,1504491974
val,MLDG,0,21,378504307
val,MLDG,0,22,482214013
val,MLDG,0,23,700194564
val,MLDG,0,24,1865789219
val,MLDG,0,25,1774162681
val,MLDG,0,26,805294517
val,MLDG,0,27,580445328
val,MLDG,0,28,1582943099
val,MLDG,0,29,1638162533
val,MLDG,1,0,553044039
val,MLDG,1,1,1454132562
val,MLDG,1,2,1625099828
val,MLDG,1,3,534259364
val,MLDG,1,4,862145374
val,MLDG,1,5,1113140349
val,MLDG,1,6,1776232761
val,MLDG,1,7,1896601206
val,MLDG,1,8,586451745
val,MLDG,1,9,383341395
val,MLDG,1,10,1005971577
val,MLDG,1,11,1294227928
val,MLDG,1,12,1906158630
val,MLDG,1,13,1457602934
val,MLDG,1,14,1121348465
val,MLDG,1,15,1768378213
val,MLDG,1,16,1102094947
val,MLDG,1,17,1949209289
val,MLDG,1,18,1537779619
val,MLDG,1,19,2081333285
val,MLDG,1,20,72486909
val,MLDG,1,21,1642262293
val,MLDG,1,22,1065917977
val,MLDG,1,23,530466647
val,MLDG,1,24,710396250
val,MLDG,1,25,671747525
val,MLDG,1,26,1518860674
val,MLDG,1,27,1989234034
val,MLDG,1,28,875278151
val,MLDG,1,29,1569413801
val,MLDG,2,0,1318199167
val,MLDG,2,1,1216403747
val,MLDG,2,2,566970427
val,MLDG,2,3,631081218
val,MLDG,2,4,1897342941
val,MLDG,2,5,1486470335
val,MLDG,2,6,433125958
val,MLDG,2,7,1463136981
val,MLDG,2,8,1158012604
val,MLDG,2,9,1228878835
val,MLDG,2,10,188025538
val,MLDG,2,11,1814784255
val,MLDG,2,12,1816708217
val,MLDG,2,13,997551924
val,MLDG,2,14,25406726
val,MLDG,2,15,261486383
val,MLDG,2,16,738105634
val,MLDG,2,17,1583922624
val,MLDG,2,18,1502166656
val,MLDG,2,19,954336635
val,MLDG,2,20,422158406
val,MLDG,2,21,269455624
val,MLDG,2,22,843968614
val,MLDG,2,23,567315767
val,MLDG,2,24,641047126
val,MLDG,2,25,866741448
val,MLDG,2,26,719286460
val,MLDG,2,27,719573787
val,MLDG,2,28,806641514
val,MLDG,2,29,1839913730
val,MLDG,3,0,1480834329
val,MLDG,3,1,1503504219
val,MLDG,3,2,552515956
val,MLDG,3,3,1298748811
val,MLDG,3,4,1897169189
val,MLDG,3,5,1910076510
val,MLDG,3,6,30182119
val,MLDG,3,7,1755114516
val,MLDG,3,8,2137857302
val,MLDG,3,9,765382106
val,MLDG,3,10,1162304976
val,MLDG,3,11,1786403837
val,MLDG,3,12,1535896429
val,MLDG,3,13,11710529
val,MLDG,3,14,1068961918
val,MLDG,3,15,1973385035
val,MLDG,3,16,1279783408
val,MLDG,3,17,1196658838
val,MLDG,3,18,671588717
val,MLDG,3,19,152238226
val,MLDG,3,20,2037649618
val,MLDG,3,21,152433628
val,MLDG,3,22,27281430
val,MLDG,3,23,2073521894
val,MLDG,3,24,912094793
val,MLDG,3,25,1667687035
val,MLDG,3,26,523233563
val,MLDG,3,27,1291987822
val,MLDG,3,28,1869445461
val,MLDG,3,29,237294651
val,MLDG,4,0,1749582333
val,MLDG,4,1,67686677
val,MLDG,4,2,1179185308
val,MLDG,4,3,1994550856
val,MLDG,4,4,1076958423
val,MLDG,4,5,1896471706
val,MLDG,4,6,1931902388
val,MLDG,4,7,372276460
val,MLDG,4,8,843892333
val,MLDG,4,9,1865136974
val,MLDG,4,10,1663600153
val,MLDG,4,11,628995034
val,MLDG,4,12,1094951049
val,MLDG,4,13,1792325131
val,MLDG,4,14,575715830
val,MLDG,4,15,862763714
val,MLDG,4,16,1033501139
val,MLDG,4,17,1583449807
val,MLDG,4,18,1705814466
val,MLDG,4,19,1614827306
val,MLDG,4,20,1849592905
val,MLDG,4,21,1302756840
val,MLDG,4,22,162334988
val,MLDG,4,23,1960599955
val,MLDG,4,24,831789420
val,MLDG,4,25,1719506913
val,MLDG,4,26,821280979
val,MLDG,4,27,1981606286
val,MLDG,4,28,233529949
val,MLDG,4,29,1465330951
val,GroupDRO,0,0,1135589989
val,GroupDRO,0,1,1008242802
val,GroupDRO,0,2,714191859
val,GroupDRO,0,3,1943151150
val,GroupDRO,0,4,1222564538
val,GroupDRO,0,5,501075525
val,GroupDRO,0,6,1222661554
val,GroupDRO,0,7,577548398
val,GroupDRO,0,8,1337532755
val,GroupDRO,0,9,866327704
val,GroupDRO,0,10,1229687280
val,GroupDRO,0,11,2000614958
val,GroupDRO,0,12,2044862826
val,GroupDRO,0,13,761111249
val,GroupDRO,0,14,928004485
val,GroupDRO,0,15,1962425685
val,GroupDRO,0,16,1209933422
val,GroupDRO,0,17,531705139
val,GroupDRO,0,18,1853361117
val,GroupDRO,0,19,99091361
val,GroupDRO,0,20,1283917047
val,GroupDRO,0,21,425206547
val,GroupDRO,0,22,1271091336
val,GroupDRO,0,23,823551867
val,GroupDRO,0,24,1631847931
val,GroupDRO,0,25,703790822
val,GroupDRO,0,26,114221545
val,GroupDRO,0,27,436011405
val,GroupDRO,0,28,533891166
val,GroupDRO,0,29,725754324
val,GroupDRO,1,0,194922864
val,GroupDRO,1,1,1948907437
val,GroupDRO,1,2,653220245
val,GroupDRO,1,3,615695110
val,GroupDRO,1,4,128033468
val,GroupDRO,1,5,1291415239
val,GroupDRO,1,6,597243866
val,GroupDRO,1,7,1991822485
val,GroupDRO,1,8,2045981164
val,GroupDRO,1,9,1912698475
val,GroupDRO,1,10,136895749
val,GroupDRO,1,11,1736325122
val,GroupDRO,1,12,1401485615
val,GroupDRO,1,13,677437602
val,GroupDRO,1,14,1959146498
val,GroupDRO,1,15,368498423
val,GroupDRO,1,16,522905290
val,GroupDRO,1,17,428220630
val,GroupDRO,1,18,1622072708
val,GroupDRO,1,19,917668412
val,GroupDRO,1,20,382763686
val,GroupDRO,1,21,796722007
val,GroupDRO,1,22,554850999
val,GroupDRO,1,23,1542455839
val,GroupDRO,1,24,264007787
val,GroupDRO,1,25,1744037366
val,GroupDRO,1,26,1831684875
val,GroupDRO,1,27,2020356318
val,GroupDRO,1,28,41151723
val,GroupDRO,1,29,1370317358
val,GroupDRO,2,0,118336256
val,GroupDRO,2,1,1079732049
val,GroupDRO,2,2,1171410467
val,GroupDRO,2,3,815488089
val,GroupDRO,2,4,1507723493
val,GroupDRO,2,5,343885840
val,GroupDRO,2,6,1474987052
val,GroupDRO,2,7,1320615189
val,GroupDRO,2,8,1681491460
val,GroupDRO,2,9,1381502491
val,GroupDRO,2,10,1790751511
val,GroupDRO,2,11,1898556247
val,GroupDRO,2,12,369716391
val,GroupDRO,2,13,1110983822
val,GroupDRO,2,14,2002772741
val,GroupDRO,2,15,1843624438
val,GroupDRO,2,16,2138959353
val,GroupDRO,2,17,1340436932
val,GroupDRO,2,18,1282252849
val,GroupDRO,2,19,698210497
val,GroupDRO,2,20,1728400881
val,GroupDRO,2,21,2046382226
val,GroupDRO,2,22,1571729730
val,GroupDRO,2,23,1498678347
val,GroupDRO,2,24,152344840
val,GroupDRO,2,25,1180806816
val,GroupDRO,2,26,480015468
val,GroupDRO,2,27,223584286
val,GroupDRO,2,28,1718656990
val,GroupDRO,2,29,778480160
val,GroupDRO,3,0,1574343872
val,GroupDRO,3,1,1830448000
val,GroupDRO,3,2,861714057
val,GroupDRO,3,3,1650064459
val,GroupDRO,3,4,576686020
val,GroupDRO,3,5,1618217819
val,GroupDRO,3,6,1441065781
val,GroupDRO,3,7,1136009281
val,GroupDRO,3,8,1403902510
val,GroupDRO,3,9,586579887
val,GroupDRO,3,10,243678500
val,GroupDRO,3,11,828861176
val,GroupDRO,3,12,1353797340
val,GroupDRO,3,13,1327577280
val,GroupDRO,3,14,1940877097
val,GroupDRO,3,15,667365313
val,GroupDRO,3,16,1970824875
val,GroupDRO,3,17,1396320813
val,GroupDRO,3,18,362405326
val,GroupDRO,3,19,601546068
val,GroupDRO,3,20,1438192203
val,GroupDRO,3,21,1668960424
val,GroupDRO,3,22,342653583
val,GroupDRO,3,23,1799172711
val,GroupDRO,3,24,126604794
val,GroupDRO,3,25,1525373184
val,GroupDRO,3,26,736168198
val,GroupDRO,3,27,1669905669
val,GroupDRO,3,28,1548051013
val,GroupDRO,3,29,1528294452
val,GroupDRO,4,0,286130702
val,GroupDRO,4,1,2061078253
val,GroupDRO,4,2,982171936
val,GroupDRO,4,3,813231492
val,GroupDRO,4,4,86033068
val,GroupDRO,4,5,1880400002
val,GroupDRO,4,6,502483752
val,GroupDRO,4,7,1992567426
val,GroupDRO,4,8,2076756116
val,GroupDRO,4,9,898357289
val,GroupDRO,4,10,1680418713
val,GroupDRO,4,11,1348553151
val,GroupDRO,4,12,1971214014
val,GroupDRO,4,13,209951670
val,GroupDRO,4,14,1298411487
val,GroupDRO,4,15,1486597503
val,GroupDRO,4,16,649908840
val,GroupDRO,4,17,79398138
val,GroupDRO,4,18,1120878560
val,GroupDRO,4,19,678891622
val,GroupDRO,4,20,433815679
val,GroupDRO,4,21,36180836
val,GroupDRO,4,22,529553613
val,GroupDRO,4,23,504939109
val,GroupDRO,4,24,1454607667
val,GroupDRO,4,25,1584860180
val,GroupDRO,4,26,905580531
val,GroupDRO,4,27,1874521320
val,GroupDRO,4,28,1532660729
val,GroupDRO,4,29,811681307
